peers,seed,attack,model,dataset,status,accuracy,precision,recall,f1,attack_success_rate
10,0,sign-flip,TODO_MODEL,TODO_DATASET,TODO_DATASET_OR_DEPLOYMENT_REQUIRED,TODO: evaluate on real held-out set,TODO: compute from labels/predictions,TODO: compute from labels/predictions,TODO: compute from precision/recall,TODO: define attack objective and evaluate
10,0,label-flip,TODO_MODEL,TODO_DATASET,TODO_DATASET_OR_DEPLOYMENT_REQUIRED,TODO: evaluate on real held-out set,TODO: compute from labels/predictions,TODO: compute from labels/predictions,TODO: compute from precision/recall,TODO: define attack objective and evaluate
10,0,gaussian-noise,TODO_MODEL,TODO_DATASET,TODO_DATASET_OR_DEPLOYMENT_REQUIRED,TODO: evaluate on real held-out set,TODO: compute from labels/predictions,TODO: compute from labels/predictions,TODO: compute from precision/recall,TODO: define attack objective and evaluate
10,0,scaling-attack,TODO_MODEL,TODO_DATASET,TODO_DATASET_OR_DEPLOYMENT_REQUIRED,TODO: evaluate on real held-out set,TODO: compute from labels/predictions,TODO: compute from labels/predictions,TODO: compute from precision/recall,TODO: define attack objective and evaluate
10,0,random-update,TODO_MODEL,TODO_DATASET,TODO_DATASET_OR_DEPLOYMENT_REQUIRED,TODO: evaluate on real held-out set,TODO: compute from labels/predictions,TODO: compute from labels/predictions,TODO: compute from precision/recall,TODO: define attack objective and evaluate
10,0,backdoor,TODO_MODEL,TODO_DATASET,TODO_DATASET_OR_DEPLOYMENT_REQUIRED,TODO: evaluate on real held-out set,TODO: compute from labels/predictions,TODO: compute from labels/predictions,TODO: compute from precision/recall,TODO: define attack objective and evaluate
10,1,sign-flip,TODO_MODEL,TODO_DATASET,TODO_DATASET_OR_DEPLOYMENT_REQUIRED,TODO: evaluate on real held-out set,TODO: compute from labels/predictions,TODO: compute from labels/predictions,TODO: compute from precision/recall,TODO: define attack objective and evaluate
10,1,label-flip,TODO_MODEL,TODO_DATASET,TODO_DATASET_OR_DEPLOYMENT_REQUIRED,TODO: evaluate on real held-out set,TODO: compute from labels/predictions,TODO: compute from labels/predictions,TODO: compute from precision/recall,TODO: define attack objective and evaluate
10,1,gaussian-noise,TODO_MODEL,TODO_DATASET,TODO_DATASET_OR_DEPLOYMENT_REQUIRED,TODO: evaluate on real held-out set,TODO: compute from labels/predictions,TODO: compute from labels/predictions,TODO: compute from precision/recall,TODO: define attack objective and evaluate
10,1,scaling-attack,TODO_MODEL,TODO_DATASET,TODO_DATASET_OR_DEPLOYMENT_REQUIRED,TODO: evaluate on real held-out set,TODO: compute from labels/predictions,TODO: compute from labels/predictions,TODO: compute from precision/recall,TODO: define attack objective and evaluate
10,1,random-update,TODO_MODEL,TODO_DATASET,TODO_DATASET_OR_DEPLOYMENT_REQUIRED,TODO: evaluate on real held-out set,TODO: compute from labels/predictions,TODO: compute from labels/predictions,TODO: compute from precision/recall,TODO: define attack objective and evaluate
10,1,backdoor,TODO_MODEL,TODO_DATASET,TODO_DATASET_OR_DEPLOYMENT_REQUIRED,TODO: evaluate on real held-out set,TODO: compute from labels/predictions,TODO: compute from labels/predictions,TODO: compute from precision/recall,TODO: define attack objective and evaluate
10,2,sign-flip,TODO_MODEL,TODO_DATASET,TODO_DATASET_OR_DEPLOYMENT_REQUIRED,TODO: evaluate on real held-out set,TODO: compute from labels/predictions,TODO: compute from labels/predictions,TODO: compute from precision/recall,TODO: define attack objective and evaluate
10,2,label-flip,TODO_MODEL,TODO_DATASET,TODO_DATASET_OR_DEPLOYMENT_REQUIRED,TODO: evaluate on real held-out set,TODO: compute from labels/predictions,TODO: compute from labels/predictions,TODO: compute from precision/recall,TODO: define attack objective and evaluate
10,2,gaussian-noise,TODO_MODEL,TODO_DATASET,TODO_DATASET_OR_DEPLOYMENT_REQUIRED,TODO: evaluate on real held-out set,TODO: compute from labels/predictions,TODO: compute from labels/predictions,TODO: compute from precision/recall,TODO: define attack objective and evaluate
10,2,scaling-attack,TODO_MODEL,TODO_DATASET,TODO_DATASET_OR_DEPLOYMENT_REQUIRED,TODO: evaluate on real held-out set,TODO: compute from labels/predictions,TODO: compute from labels/predictions,TODO: compute from precision/recall,TODO: define attack objective and evaluate
10,2,random-update,TODO_MODEL,TODO_DATASET,TODO_DATASET_OR_DEPLOYMENT_REQUIRED,TODO: evaluate on real held-out set,TODO: compute from labels/predictions,TODO: compute from labels/predictions,TODO: compute from precision/recall,TODO: define attack objective and evaluate
10,2,backdoor,TODO_MODEL,TODO_DATASET,TODO_DATASET_OR_DEPLOYMENT_REQUIRED,TODO: evaluate on real held-out set,TODO: compute from labels/predictions,TODO: compute from labels/predictions,TODO: compute from precision/recall,TODO: define attack objective and evaluate
10,3,sign-flip,TODO_MODEL,TODO_DATASET,TODO_DATASET_OR_DEPLOYMENT_REQUIRED,TODO: evaluate on real held-out set,TODO: compute from labels/predictions,TODO: compute from labels/predictions,TODO: compute from precision/recall,TODO: define attack objective and evaluate
10,3,label-flip,TODO_MODEL,TODO_DATASET,TODO_DATASET_OR_DEPLOYMENT_REQUIRED,TODO: evaluate on real held-out set,TODO: compute from labels/predictions,TODO: compute from labels/predictions,TODO: compute from precision/recall,TODO: define attack objective and evaluate
10,3,gaussian-noise,TODO_MODEL,TODO_DATASET,TODO_DATASET_OR_DEPLOYMENT_REQUIRED,TODO: evaluate on real held-out set,TODO: compute from labels/predictions,TODO: compute from labels/predictions,TODO: compute from precision/recall,TODO: define attack objective and evaluate
10,3,scaling-attack,TODO_MODEL,TODO_DATASET,TODO_DATASET_OR_DEPLOYMENT_REQUIRED,TODO: evaluate on real held-out set,TODO: compute from labels/predictions,TODO: compute from labels/predictions,TODO: compute from precision/recall,TODO: define attack objective and evaluate
10,3,random-update,TODO_MODEL,TODO_DATASET,TODO_DATASET_OR_DEPLOYMENT_REQUIRED,TODO: evaluate on real held-out set,TODO: compute from labels/predictions,TODO: compute from labels/predictions,TODO: compute from precision/recall,TODO: define attack objective and evaluate
10,3,backdoor,TODO_MODEL,TODO_DATASET,TODO_DATASET_OR_DEPLOYMENT_REQUIRED,TODO: evaluate on real held-out set,TODO: compute from labels/predictions,TODO: compute from labels/predictions,TODO: compute from precision/recall,TODO: define attack objective and evaluate
10,4,sign-flip,TODO_MODEL,TODO_DATASET,TODO_DATASET_OR_DEPLOYMENT_REQUIRED,TODO: evaluate on real held-out set,TODO: compute from labels/predictions,TODO: compute from labels/predictions,TODO: compute from precision/recall,TODO: define attack objective and evaluate
10,4,label-flip,TODO_MODEL,TODO_DATASET,TODO_DATASET_OR_DEPLOYMENT_REQUIRED,TODO: evaluate on real held-out set,TODO: compute from labels/predictions,TODO: compute from labels/predictions,TODO: compute from precision/recall,TODO: define attack objective and evaluate
10,4,gaussian-noise,TODO_MODEL,TODO_DATASET,TODO_DATASET_OR_DEPLOYMENT_REQUIRED,TODO: evaluate on real held-out set,TODO: compute from labels/predictions,TODO: compute from labels/predictions,TODO: compute from precision/recall,TODO: define attack objective and evaluate
10,4,scaling-attack,TODO_MODEL,TODO_DATASET,TODO_DATASET_OR_DEPLOYMENT_REQUIRED,TODO: evaluate on real held-out set,TODO: compute from labels/predictions,TODO: compute from labels/predictions,TODO: compute from precision/recall,TODO: define attack objective and evaluate
10,4,random-update,TODO_MODEL,TODO_DATASET,TODO_DATASET_OR_DEPLOYMENT_REQUIRED,TODO: evaluate on real held-out set,TODO: compute from labels/predictions,TODO: compute from labels/predictions,TODO: compute from precision/recall,TODO: define attack objective and evaluate
10,4,backdoor,TODO_MODEL,TODO_DATASET,TODO_DATASET_OR_DEPLOYMENT_REQUIRED,TODO: evaluate on real held-out set,TODO: compute from labels/predictions,TODO: compute from labels/predictions,TODO: compute from precision/recall,TODO: define attack objective and evaluate
10,5,sign-flip,TODO_MODEL,TODO_DATASET,TODO_DATASET_OR_DEPLOYMENT_REQUIRED,TODO: evaluate on real held-out set,TODO: compute from labels/predictions,TODO: compute from labels/predictions,TODO: compute from precision/recall,TODO: define attack objective and evaluate
10,5,label-flip,TODO_MODEL,TODO_DATASET,TODO_DATASET_OR_DEPLOYMENT_REQUIRED,TODO: evaluate on real held-out set,TODO: compute from labels/predictions,TODO: compute from labels/predictions,TODO: compute from precision/recall,TODO: define attack objective and evaluate
10,5,gaussian-noise,TODO_MODEL,TODO_DATASET,TODO_DATASET_OR_DEPLOYMENT_REQUIRED,TODO: evaluate on real held-out set,TODO: compute from labels/predictions,TODO: compute from labels/predictions,TODO: compute from precision/recall,TODO: define attack objective and evaluate
10,5,scaling-attack,TODO_MODEL,TODO_DATASET,TODO_DATASET_OR_DEPLOYMENT_REQUIRED,TODO: evaluate on real held-out set,TODO: compute from labels/predictions,TODO: compute from labels/predictions,TODO: compute from precision/recall,TODO: define attack objective and evaluate
10,5,random-update,TODO_MODEL,TODO_DATASET,TODO_DATASET_OR_DEPLOYMENT_REQUIRED,TODO: evaluate on real held-out set,TODO: compute from labels/predictions,TODO: compute from labels/predictions,TODO: compute from precision/recall,TODO: define attack objective and evaluate
10,5,backdoor,TODO_MODEL,TODO_DATASET,TODO_DATASET_OR_DEPLOYMENT_REQUIRED,TODO: evaluate on real held-out set,TODO: compute from labels/predictions,TODO: compute from labels/predictions,TODO: compute from precision/recall,TODO: define attack objective and evaluate
10,6,sign-flip,TODO_MODEL,TODO_DATASET,TODO_DATASET_OR_DEPLOYMENT_REQUIRED,TODO: evaluate on real held-out set,TODO: compute from labels/predictions,TODO: compute from labels/predictions,TODO: compute from precision/recall,TODO: define attack objective and evaluate
10,6,label-flip,TODO_MODEL,TODO_DATASET,TODO_DATASET_OR_DEPLOYMENT_REQUIRED,TODO: evaluate on real held-out set,TODO: compute from labels/predictions,TODO: compute from labels/predictions,TODO: compute from precision/recall,TODO: define attack objective and evaluate
10,6,gaussian-noise,TODO_MODEL,TODO_DATASET,TODO_DATASET_OR_DEPLOYMENT_REQUIRED,TODO: evaluate on real held-out set,TODO: compute from labels/predictions,TODO: compute from labels/predictions,TODO: compute from precision/recall,TODO: define attack objective and evaluate
10,6,scaling-attack,TODO_MODEL,TODO_DATASET,TODO_DATASET_OR_DEPLOYMENT_REQUIRED,TODO: evaluate on real held-out set,TODO: compute from labels/predictions,TODO: compute from labels/predictions,TODO: compute from precision/recall,TODO: define attack objective and evaluate
10,6,random-update,TODO_MODEL,TODO_DATASET,TODO_DATASET_OR_DEPLOYMENT_REQUIRED,TODO: evaluate on real held-out set,TODO: compute from labels/predictions,TODO: compute from labels/predictions,TODO: compute from precision/recall,TODO: define attack objective and evaluate
10,6,backdoor,TODO_MODEL,TODO_DATASET,TODO_DATASET_OR_DEPLOYMENT_REQUIRED,TODO: evaluate on real held-out set,TODO: compute from labels/predictions,TODO: compute from labels/predictions,TODO: compute from precision/recall,TODO: define attack objective and evaluate
10,7,sign-flip,TODO_MODEL,TODO_DATASET,TODO_DATASET_OR_DEPLOYMENT_REQUIRED,TODO: evaluate on real held-out set,TODO: compute from labels/predictions,TODO: compute from labels/predictions,TODO: compute from precision/recall,TODO: define attack objective and evaluate
10,7,label-flip,TODO_MODEL,TODO_DATASET,TODO_DATASET_OR_DEPLOYMENT_REQUIRED,TODO: evaluate on real held-out set,TODO: compute from labels/predictions,TODO: compute from labels/predictions,TODO: compute from precision/recall,TODO: define attack objective and evaluate
10,7,gaussian-noise,TODO_MODEL,TODO_DATASET,TODO_DATASET_OR_DEPLOYMENT_REQUIRED,TODO: evaluate on real held-out set,TODO: compute from labels/predictions,TODO: compute from labels/predictions,TODO: compute from precision/recall,TODO: define attack objective and evaluate
10,7,scaling-attack,TODO_MODEL,TODO_DATASET,TODO_DATASET_OR_DEPLOYMENT_REQUIRED,TODO: evaluate on real held-out set,TODO: compute from labels/predictions,TODO: compute from labels/predictions,TODO: compute from precision/recall,TODO: define attack objective and evaluate
10,7,random-update,TODO_MODEL,TODO_DATASET,TODO_DATASET_OR_DEPLOYMENT_REQUIRED,TODO: evaluate on real held-out set,TODO: compute from labels/predictions,TODO: compute from labels/predictions,TODO: compute from precision/recall,TODO: define attack objective and evaluate
10,7,backdoor,TODO_MODEL,TODO_DATASET,TODO_DATASET_OR_DEPLOYMENT_REQUIRED,TODO: evaluate on real held-out set,TODO: compute from labels/predictions,TODO: compute from labels/predictions,TODO: compute from precision/recall,TODO: define attack objective and evaluate
10,8,sign-flip,TODO_MODEL,TODO_DATASET,TODO_DATASET_OR_DEPLOYMENT_REQUIRED,TODO: evaluate on real held-out set,TODO: compute from labels/predictions,TODO: compute from labels/predictions,TODO: compute from precision/recall,TODO: define attack objective and evaluate
10,8,label-flip,TODO_MODEL,TODO_DATASET,TODO_DATASET_OR_DEPLOYMENT_REQUIRED,TODO: evaluate on real held-out set,TODO: compute from labels/predictions,TODO: compute from labels/predictions,TODO: compute from precision/recall,TODO: define attack objective and evaluate
10,8,gaussian-noise,TODO_MODEL,TODO_DATASET,TODO_DATASET_OR_DEPLOYMENT_REQUIRED,TODO: evaluate on real held-out set,TODO: compute from labels/predictions,TODO: compute from labels/predictions,TODO: compute from precision/recall,TODO: define attack objective and evaluate
10,8,scaling-attack,TODO_MODEL,TODO_DATASET,TODO_DATASET_OR_DEPLOYMENT_REQUIRED,TODO: evaluate on real held-out set,TODO: compute from labels/predictions,TODO: compute from labels/predictions,TODO: compute from precision/recall,TODO: define attack objective and evaluate
10,8,random-update,TODO_MODEL,TODO_DATASET,TODO_DATASET_OR_DEPLOYMENT_REQUIRED,TODO: evaluate on real held-out set,TODO: compute from labels/predictions,TODO: compute from labels/predictions,TODO: compute from precision/recall,TODO: define attack objective and evaluate
10,8,backdoor,TODO_MODEL,TODO_DATASET,TODO_DATASET_OR_DEPLOYMENT_REQUIRED,TODO: evaluate on real held-out set,TODO: compute from labels/predictions,TODO: compute from labels/predictions,TODO: compute from precision/recall,TODO: define attack objective and evaluate
10,9,sign-flip,TODO_MODEL,TODO_DATASET,TODO_DATASET_OR_DEPLOYMENT_REQUIRED,TODO: evaluate on real held-out set,TODO: compute from labels/predictions,TODO: compute from labels/predictions,TODO: compute from precision/recall,TODO: define attack objective and evaluate
10,9,label-flip,TODO_MODEL,TODO_DATASET,TODO_DATASET_OR_DEPLOYMENT_REQUIRED,TODO: evaluate on real held-out set,TODO: compute from labels/predictions,TODO: compute from labels/predictions,TODO: compute from precision/recall,TODO: define attack objective and evaluate
10,9,gaussian-noise,TODO_MODEL,TODO_DATASET,TODO_DATASET_OR_DEPLOYMENT_REQUIRED,TODO: evaluate on real held-out set,TODO: compute from labels/predictions,TODO: compute from labels/predictions,TODO: compute from precision/recall,TODO: define attack objective and evaluate
10,9,scaling-attack,TODO_MODEL,TODO_DATASET,TODO_DATASET_OR_DEPLOYMENT_REQUIRED,TODO: evaluate on real held-out set,TODO: compute from labels/predictions,TODO: compute from labels/predictions,TODO: compute from precision/recall,TODO: define attack objective and evaluate
10,9,random-update,TODO_MODEL,TODO_DATASET,TODO_DATASET_OR_DEPLOYMENT_REQUIRED,TODO: evaluate on real held-out set,TODO: compute from labels/predictions,TODO: compute from labels/predictions,TODO: compute from precision/recall,TODO: define attack objective and evaluate
10,9,backdoor,TODO_MODEL,TODO_DATASET,TODO_DATASET_OR_DEPLOYMENT_REQUIRED,TODO: evaluate on real held-out set,TODO: compute from labels/predictions,TODO: compute from labels/predictions,TODO: compute from precision/recall,TODO: define attack objective and evaluate
10,10,sign-flip,TODO_MODEL,TODO_DATASET,TODO_DATASET_OR_DEPLOYMENT_REQUIRED,TODO: evaluate on real held-out set,TODO: compute from labels/predictions,TODO: compute from labels/predictions,TODO: compute from precision/recall,TODO: define attack objective and evaluate
10,10,label-flip,TODO_MODEL,TODO_DATASET,TODO_DATASET_OR_DEPLOYMENT_REQUIRED,TODO: evaluate on real held-out set,TODO: compute from labels/predictions,TODO: compute from labels/predictions,TODO: compute from precision/recall,TODO: define attack objective and evaluate
10,10,gaussian-noise,TODO_MODEL,TODO_DATASET,TODO_DATASET_OR_DEPLOYMENT_REQUIRED,TODO: evaluate on real held-out set,TODO: compute from labels/predictions,TODO: compute from labels/predictions,TODO: compute from precision/recall,TODO: define attack objective and evaluate
10,10,scaling-attack,TODO_MODEL,TODO_DATASET,TODO_DATASET_OR_DEPLOYMENT_REQUIRED,TODO: evaluate on real held-out set,TODO: compute from labels/predictions,TODO: compute from labels/predictions,TODO: compute from precision/recall,TODO: define attack objective and evaluate
10,10,random-update,TODO_MODEL,TODO_DATASET,TODO_DATASET_OR_DEPLOYMENT_REQUIRED,TODO: evaluate on real held-out set,TODO: compute from labels/predictions,TODO: compute from labels/predictions,TODO: compute from precision/recall,TODO: define attack objective and evaluate
10,10,backdoor,TODO_MODEL,TODO_DATASET,TODO_DATASET_OR_DEPLOYMENT_REQUIRED,TODO: evaluate on real held-out set,TODO: compute from labels/predictions,TODO: compute from labels/predictions,TODO: compute from precision/recall,TODO: define attack objective and evaluate
10,11,sign-flip,TODO_MODEL,TODO_DATASET,TODO_DATASET_OR_DEPLOYMENT_REQUIRED,TODO: evaluate on real held-out set,TODO: compute from labels/predictions,TODO: compute from labels/predictions,TODO: compute from precision/recall,TODO: define attack objective and evaluate
10,11,label-flip,TODO_MODEL,TODO_DATASET,TODO_DATASET_OR_DEPLOYMENT_REQUIRED,TODO: evaluate on real held-out set,TODO: compute from labels/predictions,TODO: compute from labels/predictions,TODO: compute from precision/recall,TODO: define attack objective and evaluate
10,11,gaussian-noise,TODO_MODEL,TODO_DATASET,TODO_DATASET_OR_DEPLOYMENT_REQUIRED,TODO: evaluate on real held-out set,TODO: compute from labels/predictions,TODO: compute from labels/predictions,TODO: compute from precision/recall,TODO: define attack objective and evaluate
10,11,scaling-attack,TODO_MODEL,TODO_DATASET,TODO_DATASET_OR_DEPLOYMENT_REQUIRED,TODO: evaluate on real held-out set,TODO: compute from labels/predictions,TODO: compute from labels/predictions,TODO: compute from precision/recall,TODO: define attack objective and evaluate
10,11,random-update,TODO_MODEL,TODO_DATASET,TODO_DATASET_OR_DEPLOYMENT_REQUIRED,TODO: evaluate on real held-out set,TODO: compute from labels/predictions,TODO: compute from labels/predictions,TODO: compute from precision/recall,TODO: define attack objective and evaluate
10,11,backdoor,TODO_MODEL,TODO_DATASET,TODO_DATASET_OR_DEPLOYMENT_REQUIRED,TODO: evaluate on real held-out set,TODO: compute from labels/predictions,TODO: compute from labels/predictions,TODO: compute from precision/recall,TODO: define attack objective and evaluate
10,12,sign-flip,TODO_MODEL,TODO_DATASET,TODO_DATASET_OR_DEPLOYMENT_REQUIRED,TODO: evaluate on real held-out set,TODO: compute from labels/predictions,TODO: compute from labels/predictions,TODO: compute from precision/recall,TODO: define attack objective and evaluate
10,12,label-flip,TODO_MODEL,TODO_DATASET,TODO_DATASET_OR_DEPLOYMENT_REQUIRED,TODO: evaluate on real held-out set,TODO: compute from labels/predictions,TODO: compute from labels/predictions,TODO: compute from precision/recall,TODO: define attack objective and evaluate
10,12,gaussian-noise,TODO_MODEL,TODO_DATASET,TODO_DATASET_OR_DEPLOYMENT_REQUIRED,TODO: evaluate on real held-out set,TODO: compute from labels/predictions,TODO: compute from labels/predictions,TODO: compute from precision/recall,TODO: define attack objective and evaluate
10,12,scaling-attack,TODO_MODEL,TODO_DATASET,TODO_DATASET_OR_DEPLOYMENT_REQUIRED,TODO: evaluate on real held-out set,TODO: compute from labels/predictions,TODO: compute from labels/predictions,TODO: compute from precision/recall,TODO: define attack objective and evaluate
10,12,random-update,TODO_MODEL,TODO_DATASET,TODO_DATASET_OR_DEPLOYMENT_REQUIRED,TODO: evaluate on real held-out set,TODO: compute from labels/predictions,TODO: compute from labels/predictions,TODO: compute from precision/recall,TODO: define attack objective and evaluate
10,12,backdoor,TODO_MODEL,TODO_DATASET,TODO_DATASET_OR_DEPLOYMENT_REQUIRED,TODO: evaluate on real held-out set,TODO: compute from labels/predictions,TODO: compute from labels/predictions,TODO: compute from precision/recall,TODO: define attack objective and evaluate
10,13,sign-flip,TODO_MODEL,TODO_DATASET,TODO_DATASET_OR_DEPLOYMENT_REQUIRED,TODO: evaluate on real held-out set,TODO: compute from labels/predictions,TODO: compute from labels/predictions,TODO: compute from precision/recall,TODO: define attack objective and evaluate
10,13,label-flip,TODO_MODEL,TODO_DATASET,TODO_DATASET_OR_DEPLOYMENT_REQUIRED,TODO: evaluate on real held-out set,TODO: compute from labels/predictions,TODO: compute from labels/predictions,TODO: compute from precision/recall,TODO: define attack objective and evaluate
10,13,gaussian-noise,TODO_MODEL,TODO_DATASET,TODO_DATASET_OR_DEPLOYMENT_REQUIRED,TODO: evaluate on real held-out set,TODO: compute from labels/predictions,TODO: compute from labels/predictions,TODO: compute from precision/recall,TODO: define attack objective and evaluate
10,13,scaling-attack,TODO_MODEL,TODO_DATASET,TODO_DATASET_OR_DEPLOYMENT_REQUIRED,TODO: evaluate on real held-out set,TODO: compute from labels/predictions,TODO: compute from labels/predictions,TODO: compute from precision/recall,TODO: define attack objective and evaluate
10,13,random-update,TODO_MODEL,TODO_DATASET,TODO_DATASET_OR_DEPLOYMENT_REQUIRED,TODO: evaluate on real held-out set,TODO: compute from labels/predictions,TODO: compute from labels/predictions,TODO: compute from precision/recall,TODO: define attack objective and evaluate
10,13,backdoor,TODO_MODEL,TODO_DATASET,TODO_DATASET_OR_DEPLOYMENT_REQUIRED,TODO: evaluate on real held-out set,TODO: compute from labels/predictions,TODO: compute from labels/predictions,TODO: compute from precision/recall,TODO: define attack objective and evaluate
10,14,sign-flip,TODO_MODEL,TODO_DATASET,TODO_DATASET_OR_DEPLOYMENT_REQUIRED,TODO: evaluate on real held-out set,TODO: compute from labels/predictions,TODO: compute from labels/predictions,TODO: compute from precision/recall,TODO: define attack objective and evaluate
10,14,label-flip,TODO_MODEL,TODO_DATASET,TODO_DATASET_OR_DEPLOYMENT_REQUIRED,TODO: evaluate on real held-out set,TODO: compute from labels/predictions,TODO: compute from labels/predictions,TODO: compute from precision/recall,TODO: define attack objective and evaluate
10,14,gaussian-noise,TODO_MODEL,TODO_DATASET,TODO_DATASET_OR_DEPLOYMENT_REQUIRED,TODO: evaluate on real held-out set,TODO: compute from labels/predictions,TODO: compute from labels/predictions,TODO: compute from precision/recall,TODO: define attack objective and evaluate
10,14,scaling-attack,TODO_MODEL,TODO_DATASET,TODO_DATASET_OR_DEPLOYMENT_REQUIRED,TODO: evaluate on real held-out set,TODO: compute from labels/predictions,TODO: compute from labels/predictions,TODO: compute from precision/recall,TODO: define attack objective and evaluate
10,14,random-update,TODO_MODEL,TODO_DATASET,TODO_DATASET_OR_DEPLOYMENT_REQUIRED,TODO: evaluate on real held-out set,TODO: compute from labels/predictions,TODO: compute from labels/predictions,TODO: compute from precision/recall,TODO: define attack objective and evaluate
10,14,backdoor,TODO_MODEL,TODO_DATASET,TODO_DATASET_OR_DEPLOYMENT_REQUIRED,TODO: evaluate on real held-out set,TODO: compute from labels/predictions,TODO: compute from labels/predictions,TODO: compute from precision/recall,TODO: define attack objective and evaluate
10,15,sign-flip,TODO_MODEL,TODO_DATASET,TODO_DATASET_OR_DEPLOYMENT_REQUIRED,TODO: evaluate on real held-out set,TODO: compute from labels/predictions,TODO: compute from labels/predictions,TODO: compute from precision/recall,TODO: define attack objective and evaluate
10,15,label-flip,TODO_MODEL,TODO_DATASET,TODO_DATASET_OR_DEPLOYMENT_REQUIRED,TODO: evaluate on real held-out set,TODO: compute from labels/predictions,TODO: compute from labels/predictions,TODO: compute from precision/recall,TODO: define attack objective and evaluate
10,15,gaussian-noise,TODO_MODEL,TODO_DATASET,TODO_DATASET_OR_DEPLOYMENT_REQUIRED,TODO: evaluate on real held-out set,TODO: compute from labels/predictions,TODO: compute from labels/predictions,TODO: compute from precision/recall,TODO: define attack objective and evaluate
10,15,scaling-attack,TODO_MODEL,TODO_DATASET,TODO_DATASET_OR_DEPLOYMENT_REQUIRED,TODO: evaluate on real held-out set,TODO: compute from labels/predictions,TODO: compute from labels/predictions,TODO: compute from precision/recall,TODO: define attack objective and evaluate
10,15,random-update,TODO_MODEL,TODO_DATASET,TODO_DATASET_OR_DEPLOYMENT_REQUIRED,TODO: evaluate on real held-out set,TODO: compute from labels/predictions,TODO: compute from labels/predictions,TODO: compute from precision/recall,TODO: define attack objective and evaluate
10,15,backdoor,TODO_MODEL,TODO_DATASET,TODO_DATASET_OR_DEPLOYMENT_REQUIRED,TODO: evaluate on real held-out set,TODO: compute from labels/predictions,TODO: compute from labels/predictions,TODO: compute from precision/recall,TODO: define attack objective and evaluate
10,16,sign-flip,TODO_MODEL,TODO_DATASET,TODO_DATASET_OR_DEPLOYMENT_REQUIRED,TODO: evaluate on real held-out set,TODO: compute from labels/predictions,TODO: compute from labels/predictions,TODO: compute from precision/recall,TODO: define attack objective and evaluate
10,16,label-flip,TODO_MODEL,TODO_DATASET,TODO_DATASET_OR_DEPLOYMENT_REQUIRED,TODO: evaluate on real held-out set,TODO: compute from labels/predictions,TODO: compute from labels/predictions,TODO: compute from precision/recall,TODO: define attack objective and evaluate
10,16,gaussian-noise,TODO_MODEL,TODO_DATASET,TODO_DATASET_OR_DEPLOYMENT_REQUIRED,TODO: evaluate on real held-out set,TODO: compute from labels/predictions,TODO: compute from labels/predictions,TODO: compute from precision/recall,TODO: define attack objective and evaluate
10,16,scaling-attack,TODO_MODEL,TODO_DATASET,TODO_DATASET_OR_DEPLOYMENT_REQUIRED,TODO: evaluate on real held-out set,TODO: compute from labels/predictions,TODO: compute from labels/predictions,TODO: compute from precision/recall,TODO: define attack objective and evaluate
10,16,random-update,TODO_MODEL,TODO_DATASET,TODO_DATASET_OR_DEPLOYMENT_REQUIRED,TODO: evaluate on real held-out set,TODO: compute from labels/predictions,TODO: compute from labels/predictions,TODO: compute from precision/recall,TODO: define attack objective and evaluate
10,16,backdoor,TODO_MODEL,TODO_DATASET,TODO_DATASET_OR_DEPLOYMENT_REQUIRED,TODO: evaluate on real held-out set,TODO: compute from labels/predictions,TODO: compute from labels/predictions,TODO: compute from precision/recall,TODO: define attack objective and evaluate
10,17,sign-flip,TODO_MODEL,TODO_DATASET,TODO_DATASET_OR_DEPLOYMENT_REQUIRED,TODO: evaluate on real held-out set,TODO: compute from labels/predictions,TODO: compute from labels/predictions,TODO: compute from precision/recall,TODO: define attack objective and evaluate
10,17,label-flip,TODO_MODEL,TODO_DATASET,TODO_DATASET_OR_DEPLOYMENT_REQUIRED,TODO: evaluate on real held-out set,TODO: compute from labels/predictions,TODO: compute from labels/predictions,TODO: compute from precision/recall,TODO: define attack objective and evaluate
10,17,gaussian-noise,TODO_MODEL,TODO_DATASET,TODO_DATASET_OR_DEPLOYMENT_REQUIRED,TODO: evaluate on real held-out set,TODO: compute from labels/predictions,TODO: compute from labels/predictions,TODO: compute from precision/recall,TODO: define attack objective and evaluate
10,17,scaling-attack,TODO_MODEL,TODO_DATASET,TODO_DATASET_OR_DEPLOYMENT_REQUIRED,TODO: evaluate on real held-out set,TODO: compute from labels/predictions,TODO: compute from labels/predictions,TODO: compute from precision/recall,TODO: define attack objective and evaluate
10,17,random-update,TODO_MODEL,TODO_DATASET,TODO_DATASET_OR_DEPLOYMENT_REQUIRED,TODO: evaluate on real held-out set,TODO: compute from labels/predictions,TODO: compute from labels/predictions,TODO: compute from precision/recall,TODO: define attack objective and evaluate
10,17,backdoor,TODO_MODEL,TODO_DATASET,TODO_DATASET_OR_DEPLOYMENT_REQUIRED,TODO: evaluate on real held-out set,TODO: compute from labels/predictions,TODO: compute from labels/predictions,TODO: compute from precision/recall,TODO: define attack objective and evaluate
10,18,sign-flip,TODO_MODEL,TODO_DATASET,TODO_DATASET_OR_DEPLOYMENT_REQUIRED,TODO: evaluate on real held-out set,TODO: compute from labels/predictions,TODO: compute from labels/predictions,TODO: compute from precision/recall,TODO: define attack objective and evaluate
10,18,label-flip,TODO_MODEL,TODO_DATASET,TODO_DATASET_OR_DEPLOYMENT_REQUIRED,TODO: evaluate on real held-out set,TODO: compute from labels/predictions,TODO: compute from labels/predictions,TODO: compute from precision/recall,TODO: define attack objective and evaluate
10,18,gaussian-noise,TODO_MODEL,TODO_DATASET,TODO_DATASET_OR_DEPLOYMENT_REQUIRED,TODO: evaluate on real held-out set,TODO: compute from labels/predictions,TODO: compute from labels/predictions,TODO: compute from precision/recall,TODO: define attack objective and evaluate
10,18,scaling-attack,TODO_MODEL,TODO_DATASET,TODO_DATASET_OR_DEPLOYMENT_REQUIRED,TODO: evaluate on real held-out set,TODO: compute from labels/predictions,TODO: compute from labels/predictions,TODO: compute from precision/recall,TODO: define attack objective and evaluate
10,18,random-update,TODO_MODEL,TODO_DATASET,TODO_DATASET_OR_DEPLOYMENT_REQUIRED,TODO: evaluate on real held-out set,TODO: compute from labels/predictions,TODO: compute from labels/predictions,TODO: compute from precision/recall,TODO: define attack objective and evaluate
10,18,backdoor,TODO_MODEL,TODO_DATASET,TODO_DATASET_OR_DEPLOYMENT_REQUIRED,TODO: evaluate on real held-out set,TODO: compute from labels/predictions,TODO: compute from labels/predictions,TODO: compute from precision/recall,TODO: define attack objective and evaluate
10,19,sign-flip,TODO_MODEL,TODO_DATASET,TODO_DATASET_OR_DEPLOYMENT_REQUIRED,TODO: evaluate on real held-out set,TODO: compute from labels/predictions,TODO: compute from labels/predictions,TODO: compute from precision/recall,TODO: define attack objective and evaluate
10,19,label-flip,TODO_MODEL,TODO_DATASET,TODO_DATASET_OR_DEPLOYMENT_REQUIRED,TODO: evaluate on real held-out set,TODO: compute from labels/predictions,TODO: compute from labels/predictions,TODO: compute from precision/recall,TODO: define attack objective and evaluate
10,19,gaussian-noise,TODO_MODEL,TODO_DATASET,TODO_DATASET_OR_DEPLOYMENT_REQUIRED,TODO: evaluate on real held-out set,TODO: compute from labels/predictions,TODO: compute from labels/predictions,TODO: compute from precision/recall,TODO: define attack objective and evaluate
10,19,scaling-attack,TODO_MODEL,TODO_DATASET,TODO_DATASET_OR_DEPLOYMENT_REQUIRED,TODO: evaluate on real held-out set,TODO: compute from labels/predictions,TODO: compute from labels/predictions,TODO: compute from precision/recall,TODO: define attack objective and evaluate
10,19,random-update,TODO_MODEL,TODO_DATASET,TODO_DATASET_OR_DEPLOYMENT_REQUIRED,TODO: evaluate on real held-out set,TODO: compute from labels/predictions,TODO: compute from labels/predictions,TODO: compute from precision/recall,TODO: define attack objective and evaluate
10,19,backdoor,TODO_MODEL,TODO_DATASET,TODO_DATASET_OR_DEPLOYMENT_REQUIRED,TODO: evaluate on real held-out set,TODO: compute from labels/predictions,TODO: compute from labels/predictions,TODO: compute from precision/recall,TODO: define attack objective and evaluate
10,20,sign-flip,TODO_MODEL,TODO_DATASET,TODO_DATASET_OR_DEPLOYMENT_REQUIRED,TODO: evaluate on real held-out set,TODO: compute from labels/predictions,TODO: compute from labels/predictions,TODO: compute from precision/recall,TODO: define attack objective and evaluate
10,20,label-flip,TODO_MODEL,TODO_DATASET,TODO_DATASET_OR_DEPLOYMENT_REQUIRED,TODO: evaluate on real held-out set,TODO: compute from labels/predictions,TODO: compute from labels/predictions,TODO: compute from precision/recall,TODO: define attack objective and evaluate
10,20,gaussian-noise,TODO_MODEL,TODO_DATASET,TODO_DATASET_OR_DEPLOYMENT_REQUIRED,TODO: evaluate on real held-out set,TODO: compute from labels/predictions,TODO: compute from labels/predictions,TODO: compute from precision/recall,TODO: define attack objective and evaluate
10,20,scaling-attack,TODO_MODEL,TODO_DATASET,TODO_DATASET_OR_DEPLOYMENT_REQUIRED,TODO: evaluate on real held-out set,TODO: compute from labels/predictions,TODO: compute from labels/predictions,TODO: compute from precision/recall,TODO: define attack objective and evaluate
10,20,random-update,TODO_MODEL,TODO_DATASET,TODO_DATASET_OR_DEPLOYMENT_REQUIRED,TODO: evaluate on real held-out set,TODO: compute from labels/predictions,TODO: compute from labels/predictions,TODO: compute from precision/recall,TODO: define attack objective and evaluate
10,20,backdoor,TODO_MODEL,TODO_DATASET,TODO_DATASET_OR_DEPLOYMENT_REQUIRED,TODO: evaluate on real held-out set,TODO: compute from labels/predictions,TODO: compute from labels/predictions,TODO: compute from precision/recall,TODO: define attack objective and evaluate
10,21,sign-flip,TODO_MODEL,TODO_DATASET,TODO_DATASET_OR_DEPLOYMENT_REQUIRED,TODO: evaluate on real held-out set,TODO: compute from labels/predictions,TODO: compute from labels/predictions,TODO: compute from precision/recall,TODO: define attack objective and evaluate
10,21,label-flip,TODO_MODEL,TODO_DATASET,TODO_DATASET_OR_DEPLOYMENT_REQUIRED,TODO: evaluate on real held-out set,TODO: compute from labels/predictions,TODO: compute from labels/predictions,TODO: compute from precision/recall,TODO: define attack objective and evaluate
10,21,gaussian-noise,TODO_MODEL,TODO_DATASET,TODO_DATASET_OR_DEPLOYMENT_REQUIRED,TODO: evaluate on real held-out set,TODO: compute from labels/predictions,TODO: compute from labels/predictions,TODO: compute from precision/recall,TODO: define attack objective and evaluate
10,21,scaling-attack,TODO_MODEL,TODO_DATASET,TODO_DATASET_OR_DEPLOYMENT_REQUIRED,TODO: evaluate on real held-out set,TODO: compute from labels/predictions,TODO: compute from labels/predictions,TODO: compute from precision/recall,TODO: define attack objective and evaluate
10,21,random-update,TODO_MODEL,TODO_DATASET,TODO_DATASET_OR_DEPLOYMENT_REQUIRED,TODO: evaluate on real held-out set,TODO: compute from labels/predictions,TODO: compute from labels/predictions,TODO: compute from precision/recall,TODO: define attack objective and evaluate
10,21,backdoor,TODO_MODEL,TODO_DATASET,TODO_DATASET_OR_DEPLOYMENT_REQUIRED,TODO: evaluate on real held-out set,TODO: compute from labels/predictions,TODO: compute from labels/predictions,TODO: compute from precision/recall,TODO: define attack objective and evaluate
10,22,sign-flip,TODO_MODEL,TODO_DATASET,TODO_DATASET_OR_DEPLOYMENT_REQUIRED,TODO: evaluate on real held-out set,TODO: compute from labels/predictions,TODO: compute from labels/predictions,TODO: compute from precision/recall,TODO: define attack objective and evaluate
10,22,label-flip,TODO_MODEL,TODO_DATASET,TODO_DATASET_OR_DEPLOYMENT_REQUIRED,TODO: evaluate on real held-out set,TODO: compute from labels/predictions,TODO: compute from labels/predictions,TODO: compute from precision/recall,TODO: define attack objective and evaluate
10,22,gaussian-noise,TODO_MODEL,TODO_DATASET,TODO_DATASET_OR_DEPLOYMENT_REQUIRED,TODO: evaluate on real held-out set,TODO: compute from labels/predictions,TODO: compute from labels/predictions,TODO: compute from precision/recall,TODO: define attack objective and evaluate
10,22,scaling-attack,TODO_MODEL,TODO_DATASET,TODO_DATASET_OR_DEPLOYMENT_REQUIRED,TODO: evaluate on real held-out set,TODO: compute from labels/predictions,TODO: compute from labels/predictions,TODO: compute from precision/recall,TODO: define attack objective and evaluate
10,22,random-update,TODO_MODEL,TODO_DATASET,TODO_DATASET_OR_DEPLOYMENT_REQUIRED,TODO: evaluate on real held-out set,TODO: compute from labels/predictions,TODO: compute from labels/predictions,TODO: compute from precision/recall,TODO: define attack objective and evaluate
10,22,backdoor,TODO_MODEL,TODO_DATASET,TODO_DATASET_OR_DEPLOYMENT_REQUIRED,TODO: evaluate on real held-out set,TODO: compute from labels/predictions,TODO: compute from labels/predictions,TODO: compute from precision/recall,TODO: define attack objective and evaluate
10,23,sign-flip,TODO_MODEL,TODO_DATASET,TODO_DATASET_OR_DEPLOYMENT_REQUIRED,TODO: evaluate on real held-out set,TODO: compute from labels/predictions,TODO: compute from labels/predictions,TODO: compute from precision/recall,TODO: define attack objective and evaluate
10,23,label-flip,TODO_MODEL,TODO_DATASET,TODO_DATASET_OR_DEPLOYMENT_REQUIRED,TODO: evaluate on real held-out set,TODO: compute from labels/predictions,TODO: compute from labels/predictions,TODO: compute from precision/recall,TODO: define attack objective and evaluate
10,23,gaussian-noise,TODO_MODEL,TODO_DATASET,TODO_DATASET_OR_DEPLOYMENT_REQUIRED,TODO: evaluate on real held-out set,TODO: compute from labels/predictions,TODO: compute from labels/predictions,TODO: compute from precision/recall,TODO: define attack objective and evaluate
10,23,scaling-attack,TODO_MODEL,TODO_DATASET,TODO_DATASET_OR_DEPLOYMENT_REQUIRED,TODO: evaluate on real held-out set,TODO: compute from labels/predictions,TODO: compute from labels/predictions,TODO: compute from precision/recall,TODO: define attack objective and evaluate
10,23,random-update,TODO_MODEL,TODO_DATASET,TODO_DATASET_OR_DEPLOYMENT_REQUIRED,TODO: evaluate on real held-out set,TODO: compute from labels/predictions,TODO: compute from labels/predictions,TODO: compute from precision/recall,TODO: define attack objective and evaluate
10,23,backdoor,TODO_MODEL,TODO_DATASET,TODO_DATASET_OR_DEPLOYMENT_REQUIRED,TODO: evaluate on real held-out set,TODO: compute from labels/predictions,TODO: compute from labels/predictions,TODO: compute from precision/recall,TODO: define attack objective and evaluate
10,24,sign-flip,TODO_MODEL,TODO_DATASET,TODO_DATASET_OR_DEPLOYMENT_REQUIRED,TODO: evaluate on real held-out set,TODO: compute from labels/predictions,TODO: compute from labels/predictions,TODO: compute from precision/recall,TODO: define attack objective and evaluate
10,24,label-flip,TODO_MODEL,TODO_DATASET,TODO_DATASET_OR_DEPLOYMENT_REQUIRED,TODO: evaluate on real held-out set,TODO: compute from labels/predictions,TODO: compute from labels/predictions,TODO: compute from precision/recall,TODO: define attack objective and evaluate
10,24,gaussian-noise,TODO_MODEL,TODO_DATASET,TODO_DATASET_OR_DEPLOYMENT_REQUIRED,TODO: evaluate on real held-out set,TODO: compute from labels/predictions,TODO: compute from labels/predictions,TODO: compute from precision/recall,TODO: define attack objective and evaluate
10,24,scaling-attack,TODO_MODEL,TODO_DATASET,TODO_DATASET_OR_DEPLOYMENT_REQUIRED,TODO: evaluate on real held-out set,TODO: compute from labels/predictions,TODO: compute from labels/predictions,TODO: compute from precision/recall,TODO: define attack objective and evaluate
10,24,random-update,TODO_MODEL,TODO_DATASET,TODO_DATASET_OR_DEPLOYMENT_REQUIRED,TODO: evaluate on real held-out set,TODO: compute from labels/predictions,TODO: compute from labels/predictions,TODO: compute from precision/recall,TODO: define attack objective and evaluate
10,24,backdoor,TODO_MODEL,TODO_DATASET,TODO_DATASET_OR_DEPLOYMENT_REQUIRED,TODO: evaluate on real held-out set,TODO: compute from labels/predictions,TODO: compute from labels/predictions,TODO: compute from precision/recall,TODO: define attack objective and evaluate
10,25,sign-flip,TODO_MODEL,TODO_DATASET,TODO_DATASET_OR_DEPLOYMENT_REQUIRED,TODO: evaluate on real held-out set,TODO: compute from labels/predictions,TODO: compute from labels/predictions,TODO: compute from precision/recall,TODO: define attack objective and evaluate
10,25,label-flip,TODO_MODEL,TODO_DATASET,TODO_DATASET_OR_DEPLOYMENT_REQUIRED,TODO: evaluate on real held-out set,TODO: compute from labels/predictions,TODO: compute from labels/predictions,TODO: compute from precision/recall,TODO: define attack objective and evaluate
10,25,gaussian-noise,TODO_MODEL,TODO_DATASET,TODO_DATASET_OR_DEPLOYMENT_REQUIRED,TODO: evaluate on real held-out set,TODO: compute from labels/predictions,TODO: compute from labels/predictions,TODO: compute from precision/recall,TODO: define attack objective and evaluate
10,25,scaling-attack,TODO_MODEL,TODO_DATASET,TODO_DATASET_OR_DEPLOYMENT_REQUIRED,TODO: evaluate on real held-out set,TODO: compute from labels/predictions,TODO: compute from labels/predictions,TODO: compute from precision/recall,TODO: define attack objective and evaluate
10,25,random-update,TODO_MODEL,TODO_DATASET,TODO_DATASET_OR_DEPLOYMENT_REQUIRED,TODO: evaluate on real held-out set,TODO: compute from labels/predictions,TODO: compute from labels/predictions,TODO: compute from precision/recall,TODO: define attack objective and evaluate
10,25,backdoor,TODO_MODEL,TODO_DATASET,TODO_DATASET_OR_DEPLOYMENT_REQUIRED,TODO: evaluate on real held-out set,TODO: compute from labels/predictions,TODO: compute from labels/predictions,TODO: compute from precision/recall,TODO: define attack objective and evaluate
10,26,sign-flip,TODO_MODEL,TODO_DATASET,TODO_DATASET_OR_DEPLOYMENT_REQUIRED,TODO: evaluate on real held-out set,TODO: compute from labels/predictions,TODO: compute from labels/predictions,TODO: compute from precision/recall,TODO: define attack objective and evaluate
10,26,label-flip,TODO_MODEL,TODO_DATASET,TODO_DATASET_OR_DEPLOYMENT_REQUIRED,TODO: evaluate on real held-out set,TODO: compute from labels/predictions,TODO: compute from labels/predictions,TODO: compute from precision/recall,TODO: define attack objective and evaluate
10,26,gaussian-noise,TODO_MODEL,TODO_DATASET,TODO_DATASET_OR_DEPLOYMENT_REQUIRED,TODO: evaluate on real held-out set,TODO: compute from labels/predictions,TODO: compute from labels/predictions,TODO: compute from precision/recall,TODO: define attack objective and evaluate
10,26,scaling-attack,TODO_MODEL,TODO_DATASET,TODO_DATASET_OR_DEPLOYMENT_REQUIRED,TODO: evaluate on real held-out set,TODO: compute from labels/predictions,TODO: compute from labels/predictions,TODO: compute from precision/recall,TODO: define attack objective and evaluate
10,26,random-update,TODO_MODEL,TODO_DATASET,TODO_DATASET_OR_DEPLOYMENT_REQUIRED,TODO: evaluate on real held-out set,TODO: compute from labels/predictions,TODO: compute from labels/predictions,TODO: compute from precision/recall,TODO: define attack objective and evaluate
10,26,backdoor,TODO_MODEL,TODO_DATASET,TODO_DATASET_OR_DEPLOYMENT_REQUIRED,TODO: evaluate on real held-out set,TODO: compute from labels/predictions,TODO: compute from labels/predictions,TODO: compute from precision/recall,TODO: define attack objective and evaluate
10,27,sign-flip,TODO_MODEL,TODO_DATASET,TODO_DATASET_OR_DEPLOYMENT_REQUIRED,TODO: evaluate on real held-out set,TODO: compute from labels/predictions,TODO: compute from labels/predictions,TODO: compute from precision/recall,TODO: define attack objective and evaluate
10,27,label-flip,TODO_MODEL,TODO_DATASET,TODO_DATASET_OR_DEPLOYMENT_REQUIRED,TODO: evaluate on real held-out set,TODO: compute from labels/predictions,TODO: compute from labels/predictions,TODO: compute from precision/recall,TODO: define attack objective and evaluate
10,27,gaussian-noise,TODO_MODEL,TODO_DATASET,TODO_DATASET_OR_DEPLOYMENT_REQUIRED,TODO: evaluate on real held-out set,TODO: compute from labels/predictions,TODO: compute from labels/predictions,TODO: compute from precision/recall,TODO: define attack objective and evaluate
10,27,scaling-attack,TODO_MODEL,TODO_DATASET,TODO_DATASET_OR_DEPLOYMENT_REQUIRED,TODO: evaluate on real held-out set,TODO: compute from labels/predictions,TODO: compute from labels/predictions,TODO: compute from precision/recall,TODO: define attack objective and evaluate
10,27,random-update,TODO_MODEL,TODO_DATASET,TODO_DATASET_OR_DEPLOYMENT_REQUIRED,TODO: evaluate on real held-out set,TODO: compute from labels/predictions,TODO: compute from labels/predictions,TODO: compute from precision/recall,TODO: define attack objective and evaluate
10,27,backdoor,TODO_MODEL,TODO_DATASET,TODO_DATASET_OR_DEPLOYMENT_REQUIRED,TODO: evaluate on real held-out set,TODO: compute from labels/predictions,TODO: compute from labels/predictions,TODO: compute from precision/recall,TODO: define attack objective and evaluate
10,28,sign-flip,TODO_MODEL,TODO_DATASET,TODO_DATASET_OR_DEPLOYMENT_REQUIRED,TODO: evaluate on real held-out set,TODO: compute from labels/predictions,TODO: compute from labels/predictions,TODO: compute from precision/recall,TODO: define attack objective and evaluate
10,28,label-flip,TODO_MODEL,TODO_DATASET,TODO_DATASET_OR_DEPLOYMENT_REQUIRED,TODO: evaluate on real held-out set,TODO: compute from labels/predictions,TODO: compute from labels/predictions,TODO: compute from precision/recall,TODO: define attack objective and evaluate
10,28,gaussian-noise,TODO_MODEL,TODO_DATASET,TODO_DATASET_OR_DEPLOYMENT_REQUIRED,TODO: evaluate on real held-out set,TODO: compute from labels/predictions,TODO: compute from labels/predictions,TODO: compute from precision/recall,TODO: define attack objective and evaluate
10,28,scaling-attack,TODO_MODEL,TODO_DATASET,TODO_DATASET_OR_DEPLOYMENT_REQUIRED,TODO: evaluate on real held-out set,TODO: compute from labels/predictions,TODO: compute from labels/predictions,TODO: compute from precision/recall,TODO: define attack objective and evaluate
10,28,random-update,TODO_MODEL,TODO_DATASET,TODO_DATASET_OR_DEPLOYMENT_REQUIRED,TODO: evaluate on real held-out set,TODO: compute from labels/predictions,TODO: compute from labels/predictions,TODO: compute from precision/recall,TODO: define attack objective and evaluate
10,28,backdoor,TODO_MODEL,TODO_DATASET,TODO_DATASET_OR_DEPLOYMENT_REQUIRED,TODO: evaluate on real held-out set,TODO: compute from labels/predictions,TODO: compute from labels/predictions,TODO: compute from precision/recall,TODO: define attack objective and evaluate
10,29,sign-flip,TODO_MODEL,TODO_DATASET,TODO_DATASET_OR_DEPLOYMENT_REQUIRED,TODO: evaluate on real held-out set,TODO: compute from labels/predictions,TODO: compute from labels/predictions,TODO: compute from precision/recall,TODO: define attack objective and evaluate
10,29,label-flip,TODO_MODEL,TODO_DATASET,TODO_DATASET_OR_DEPLOYMENT_REQUIRED,TODO: evaluate on real held-out set,TODO: compute from labels/predictions,TODO: compute from labels/predictions,TODO: compute from precision/recall,TODO: define attack objective and evaluate
10,29,gaussian-noise,TODO_MODEL,TODO_DATASET,TODO_DATASET_OR_DEPLOYMENT_REQUIRED,TODO: evaluate on real held-out set,TODO: compute from labels/predictions,TODO: compute from labels/predictions,TODO: compute from precision/recall,TODO: define attack objective and evaluate
10,29,scaling-attack,TODO_MODEL,TODO_DATASET,TODO_DATASET_OR_DEPLOYMENT_REQUIRED,TODO: evaluate on real held-out set,TODO: compute from labels/predictions,TODO: compute from labels/predictions,TODO: compute from precision/recall,TODO: define attack objective and evaluate
10,29,random-update,TODO_MODEL,TODO_DATASET,TODO_DATASET_OR_DEPLOYMENT_REQUIRED,TODO: evaluate on real held-out set,TODO: compute from labels/predictions,TODO: compute from labels/predictions,TODO: compute from precision/recall,TODO: define attack objective and evaluate
10,29,backdoor,TODO_MODEL,TODO_DATASET,TODO_DATASET_OR_DEPLOYMENT_REQUIRED,TODO: evaluate on real held-out set,TODO: compute from labels/predictions,TODO: compute from labels/predictions,TODO: compute from precision/recall,TODO: define attack objective and evaluate
20,0,sign-flip,TODO_MODEL,TODO_DATASET,TODO_DATASET_OR_DEPLOYMENT_REQUIRED,TODO: evaluate on real held-out set,TODO: compute from labels/predictions,TODO: compute from labels/predictions,TODO: compute from precision/recall,TODO: define attack objective and evaluate
20,0,label-flip,TODO_MODEL,TODO_DATASET,TODO_DATASET_OR_DEPLOYMENT_REQUIRED,TODO: evaluate on real held-out set,TODO: compute from labels/predictions,TODO: compute from labels/predictions,TODO: compute from precision/recall,TODO: define attack objective and evaluate
20,0,gaussian-noise,TODO_MODEL,TODO_DATASET,TODO_DATASET_OR_DEPLOYMENT_REQUIRED,TODO: evaluate on real held-out set,TODO: compute from labels/predictions,TODO: compute from labels/predictions,TODO: compute from precision/recall,TODO: define attack objective and evaluate
20,0,scaling-attack,TODO_MODEL,TODO_DATASET,TODO_DATASET_OR_DEPLOYMENT_REQUIRED,TODO: evaluate on real held-out set,TODO: compute from labels/predictions,TODO: compute from labels/predictions,TODO: compute from precision/recall,TODO: define attack objective and evaluate
20,0,random-update,TODO_MODEL,TODO_DATASET,TODO_DATASET_OR_DEPLOYMENT_REQUIRED,TODO: evaluate on real held-out set,TODO: compute from labels/predictions,TODO: compute from labels/predictions,TODO: compute from precision/recall,TODO: define attack objective and evaluate
20,0,backdoor,TODO_MODEL,TODO_DATASET,TODO_DATASET_OR_DEPLOYMENT_REQUIRED,TODO: evaluate on real held-out set,TODO: compute from labels/predictions,TODO: compute from labels/predictions,TODO: compute from precision/recall,TODO: define attack objective and evaluate
20,1,sign-flip,TODO_MODEL,TODO_DATASET,TODO_DATASET_OR_DEPLOYMENT_REQUIRED,TODO: evaluate on real held-out set,TODO: compute from labels/predictions,TODO: compute from labels/predictions,TODO: compute from precision/recall,TODO: define attack objective and evaluate
20,1,label-flip,TODO_MODEL,TODO_DATASET,TODO_DATASET_OR_DEPLOYMENT_REQUIRED,TODO: evaluate on real held-out set,TODO: compute from labels/predictions,TODO: compute from labels/predictions,TODO: compute from precision/recall,TODO: define attack objective and evaluate
20,1,gaussian-noise,TODO_MODEL,TODO_DATASET,TODO_DATASET_OR_DEPLOYMENT_REQUIRED,TODO: evaluate on real held-out set,TODO: compute from labels/predictions,TODO: compute from labels/predictions,TODO: compute from precision/recall,TODO: define attack objective and evaluate
20,1,scaling-attack,TODO_MODEL,TODO_DATASET,TODO_DATASET_OR_DEPLOYMENT_REQUIRED,TODO: evaluate on real held-out set,TODO: compute from labels/predictions,TODO: compute from labels/predictions,TODO: compute from precision/recall,TODO: define attack objective and evaluate
20,1,random-update,TODO_MODEL,TODO_DATASET,TODO_DATASET_OR_DEPLOYMENT_REQUIRED,TODO: evaluate on real held-out set,TODO: compute from labels/predictions,TODO: compute from labels/predictions,TODO: compute from precision/recall,TODO: define attack objective and evaluate
20,1,backdoor,TODO_MODEL,TODO_DATASET,TODO_DATASET_OR_DEPLOYMENT_REQUIRED,TODO: evaluate on real held-out set,TODO: compute from labels/predictions,TODO: compute from labels/predictions,TODO: compute from precision/recall,TODO: define attack objective and evaluate
20,2,sign-flip,TODO_MODEL,TODO_DATASET,TODO_DATASET_OR_DEPLOYMENT_REQUIRED,TODO: evaluate on real held-out set,TODO: compute from labels/predictions,TODO: compute from labels/predictions,TODO: compute from precision/recall,TODO: define attack objective and evaluate
20,2,label-flip,TODO_MODEL,TODO_DATASET,TODO_DATASET_OR_DEPLOYMENT_REQUIRED,TODO: evaluate on real held-out set,TODO: compute from labels/predictions,TODO: compute from labels/predictions,TODO: compute from precision/recall,TODO: define attack objective and evaluate
20,2,gaussian-noise,TODO_MODEL,TODO_DATASET,TODO_DATASET_OR_DEPLOYMENT_REQUIRED,TODO: evaluate on real held-out set,TODO: compute from labels/predictions,TODO: compute from labels/predictions,TODO: compute from precision/recall,TODO: define attack objective and evaluate
20,2,scaling-attack,TODO_MODEL,TODO_DATASET,TODO_DATASET_OR_DEPLOYMENT_REQUIRED,TODO: evaluate on real held-out set,TODO: compute from labels/predictions,TODO: compute from labels/predictions,TODO: compute from precision/recall,TODO: define attack objective and evaluate
20,2,random-update,TODO_MODEL,TODO_DATASET,TODO_DATASET_OR_DEPLOYMENT_REQUIRED,TODO: evaluate on real held-out set,TODO: compute from labels/predictions,TODO: compute from labels/predictions,TODO: compute from precision/recall,TODO: define attack objective and evaluate
20,2,backdoor,TODO_MODEL,TODO_DATASET,TODO_DATASET_OR_DEPLOYMENT_REQUIRED,TODO: evaluate on real held-out set,TODO: compute from labels/predictions,TODO: compute from labels/predictions,TODO: compute from precision/recall,TODO: define attack objective and evaluate
20,3,sign-flip,TODO_MODEL,TODO_DATASET,TODO_DATASET_OR_DEPLOYMENT_REQUIRED,TODO: evaluate on real held-out set,TODO: compute from labels/predictions,TODO: compute from labels/predictions,TODO: compute from precision/recall,TODO: define attack objective and evaluate
20,3,label-flip,TODO_MODEL,TODO_DATASET,TODO_DATASET_OR_DEPLOYMENT_REQUIRED,TODO: evaluate on real held-out set,TODO: compute from labels/predictions,TODO: compute from labels/predictions,TODO: compute from precision/recall,TODO: define attack objective and evaluate
20,3,gaussian-noise,TODO_MODEL,TODO_DATASET,TODO_DATASET_OR_DEPLOYMENT_REQUIRED,TODO: evaluate on real held-out set,TODO: compute from labels/predictions,TODO: compute from labels/predictions,TODO: compute from precision/recall,TODO: define attack objective and evaluate
20,3,scaling-attack,TODO_MODEL,TODO_DATASET,TODO_DATASET_OR_DEPLOYMENT_REQUIRED,TODO: evaluate on real held-out set,TODO: compute from labels/predictions,TODO: compute from labels/predictions,TODO: compute from precision/recall,TODO: define attack objective and evaluate
20,3,random-update,TODO_MODEL,TODO_DATASET,TODO_DATASET_OR_DEPLOYMENT_REQUIRED,TODO: evaluate on real held-out set,TODO: compute from labels/predictions,TODO: compute from labels/predictions,TODO: compute from precision/recall,TODO: define attack objective and evaluate
20,3,backdoor,TODO_MODEL,TODO_DATASET,TODO_DATASET_OR_DEPLOYMENT_REQUIRED,TODO: evaluate on real held-out set,TODO: compute from labels/predictions,TODO: compute from labels/predictions,TODO: compute from precision/recall,TODO: define attack objective and evaluate
20,4,sign-flip,TODO_MODEL,TODO_DATASET,TODO_DATASET_OR_DEPLOYMENT_REQUIRED,TODO: evaluate on real held-out set,TODO: compute from labels/predictions,TODO: compute from labels/predictions,TODO: compute from precision/recall,TODO: define attack objective and evaluate
20,4,label-flip,TODO_MODEL,TODO_DATASET,TODO_DATASET_OR_DEPLOYMENT_REQUIRED,TODO: evaluate on real held-out set,TODO: compute from labels/predictions,TODO: compute from labels/predictions,TODO: compute from precision/recall,TODO: define attack objective and evaluate
20,4,gaussian-noise,TODO_MODEL,TODO_DATASET,TODO_DATASET_OR_DEPLOYMENT_REQUIRED,TODO: evaluate on real held-out set,TODO: compute from labels/predictions,TODO: compute from labels/predictions,TODO: compute from precision/recall,TODO: define attack objective and evaluate
20,4,scaling-attack,TODO_MODEL,TODO_DATASET,TODO_DATASET_OR_DEPLOYMENT_REQUIRED,TODO: evaluate on real held-out set,TODO: compute from labels/predictions,TODO: compute from labels/predictions,TODO: compute from precision/recall,TODO: define attack objective and evaluate
20,4,random-update,TODO_MODEL,TODO_DATASET,TODO_DATASET_OR_DEPLOYMENT_REQUIRED,TODO: evaluate on real held-out set,TODO: compute from labels/predictions,TODO: compute from labels/predictions,TODO: compute from precision/recall,TODO: define attack objective and evaluate
20,4,backdoor,TODO_MODEL,TODO_DATASET,TODO_DATASET_OR_DEPLOYMENT_REQUIRED,TODO: evaluate on real held-out set,TODO: compute from labels/predictions,TODO: compute from labels/predictions,TODO: compute from precision/recall,TODO: define attack objective and evaluate
20,5,sign-flip,TODO_MODEL,TODO_DATASET,TODO_DATASET_OR_DEPLOYMENT_REQUIRED,TODO: evaluate on real held-out set,TODO: compute from labels/predictions,TODO: compute from labels/predictions,TODO: compute from precision/recall,TODO: define attack objective and evaluate
20,5,label-flip,TODO_MODEL,TODO_DATASET,TODO_DATASET_OR_DEPLOYMENT_REQUIRED,TODO: evaluate on real held-out set,TODO: compute from labels/predictions,TODO: compute from labels/predictions,TODO: compute from precision/recall,TODO: define attack objective and evaluate
20,5,gaussian-noise,TODO_MODEL,TODO_DATASET,TODO_DATASET_OR_DEPLOYMENT_REQUIRED,TODO: evaluate on real held-out set,TODO: compute from labels/predictions,TODO: compute from labels/predictions,TODO: compute from precision/recall,TODO: define attack objective and evaluate
20,5,scaling-attack,TODO_MODEL,TODO_DATASET,TODO_DATASET_OR_DEPLOYMENT_REQUIRED,TODO: evaluate on real held-out set,TODO: compute from labels/predictions,TODO: compute from labels/predictions,TODO: compute from precision/recall,TODO: define attack objective and evaluate
20,5,random-update,TODO_MODEL,TODO_DATASET,TODO_DATASET_OR_DEPLOYMENT_REQUIRED,TODO: evaluate on real held-out set,TODO: compute from labels/predictions,TODO: compute from labels/predictions,TODO: compute from precision/recall,TODO: define attack objective and evaluate
20,5,backdoor,TODO_MODEL,TODO_DATASET,TODO_DATASET_OR_DEPLOYMENT_REQUIRED,TODO: evaluate on real held-out set,TODO: compute from labels/predictions,TODO: compute from labels/predictions,TODO: compute from precision/recall,TODO: define attack objective and evaluate
20,6,sign-flip,TODO_MODEL,TODO_DATASET,TODO_DATASET_OR_DEPLOYMENT_REQUIRED,TODO: evaluate on real held-out set,TODO: compute from labels/predictions,TODO: compute from labels/predictions,TODO: compute from precision/recall,TODO: define attack objective and evaluate
20,6,label-flip,TODO_MODEL,TODO_DATASET,TODO_DATASET_OR_DEPLOYMENT_REQUIRED,TODO: evaluate on real held-out set,TODO: compute from labels/predictions,TODO: compute from labels/predictions,TODO: compute from precision/recall,TODO: define attack objective and evaluate
20,6,gaussian-noise,TODO_MODEL,TODO_DATASET,TODO_DATASET_OR_DEPLOYMENT_REQUIRED,TODO: evaluate on real held-out set,TODO: compute from labels/predictions,TODO: compute from labels/predictions,TODO: compute from precision/recall,TODO: define attack objective and evaluate
20,6,scaling-attack,TODO_MODEL,TODO_DATASET,TODO_DATASET_OR_DEPLOYMENT_REQUIRED,TODO: evaluate on real held-out set,TODO: compute from labels/predictions,TODO: compute from labels/predictions,TODO: compute from precision/recall,TODO: define attack objective and evaluate
20,6,random-update,TODO_MODEL,TODO_DATASET,TODO_DATASET_OR_DEPLOYMENT_REQUIRED,TODO: evaluate on real held-out set,TODO: compute from labels/predictions,TODO: compute from labels/predictions,TODO: compute from precision/recall,TODO: define attack objective and evaluate
20,6,backdoor,TODO_MODEL,TODO_DATASET,TODO_DATASET_OR_DEPLOYMENT_REQUIRED,TODO: evaluate on real held-out set,TODO: compute from labels/predictions,TODO: compute from labels/predictions,TODO: compute from precision/recall,TODO: define attack objective and evaluate
20,7,sign-flip,TODO_MODEL,TODO_DATASET,TODO_DATASET_OR_DEPLOYMENT_REQUIRED,TODO: evaluate on real held-out set,TODO: compute from labels/predictions,TODO: compute from labels/predictions,TODO: compute from precision/recall,TODO: define attack objective and evaluate
20,7,label-flip,TODO_MODEL,TODO_DATASET,TODO_DATASET_OR_DEPLOYMENT_REQUIRED,TODO: evaluate on real held-out set,TODO: compute from labels/predictions,TODO: compute from labels/predictions,TODO: compute from precision/recall,TODO: define attack objective and evaluate
20,7,gaussian-noise,TODO_MODEL,TODO_DATASET,TODO_DATASET_OR_DEPLOYMENT_REQUIRED,TODO: evaluate on real held-out set,TODO: compute from labels/predictions,TODO: compute from labels/predictions,TODO: compute from precision/recall,TODO: define attack objective and evaluate
20,7,scaling-attack,TODO_MODEL,TODO_DATASET,TODO_DATASET_OR_DEPLOYMENT_REQUIRED,TODO: evaluate on real held-out set,TODO: compute from labels/predictions,TODO: compute from labels/predictions,TODO: compute from precision/recall,TODO: define attack objective and evaluate
20,7,random-update,TODO_MODEL,TODO_DATASET,TODO_DATASET_OR_DEPLOYMENT_REQUIRED,TODO: evaluate on real held-out set,TODO: compute from labels/predictions,TODO: compute from labels/predictions,TODO: compute from precision/recall,TODO: define attack objective and evaluate
20,7,backdoor,TODO_MODEL,TODO_DATASET,TODO_DATASET_OR_DEPLOYMENT_REQUIRED,TODO: evaluate on real held-out set,TODO: compute from labels/predictions,TODO: compute from labels/predictions,TODO: compute from precision/recall,TODO: define attack objective and evaluate
20,8,sign-flip,TODO_MODEL,TODO_DATASET,TODO_DATASET_OR_DEPLOYMENT_REQUIRED,TODO: evaluate on real held-out set,TODO: compute from labels/predictions,TODO: compute from labels/predictions,TODO: compute from precision/recall,TODO: define attack objective and evaluate
20,8,label-flip,TODO_MODEL,TODO_DATASET,TODO_DATASET_OR_DEPLOYMENT_REQUIRED,TODO: evaluate on real held-out set,TODO: compute from labels/predictions,TODO: compute from labels/predictions,TODO: compute from precision/recall,TODO: define attack objective and evaluate
20,8,gaussian-noise,TODO_MODEL,TODO_DATASET,TODO_DATASET_OR_DEPLOYMENT_REQUIRED,TODO: evaluate on real held-out set,TODO: compute from labels/predictions,TODO: compute from labels/predictions,TODO: compute from precision/recall,TODO: define attack objective and evaluate
20,8,scaling-attack,TODO_MODEL,TODO_DATASET,TODO_DATASET_OR_DEPLOYMENT_REQUIRED,TODO: evaluate on real held-out set,TODO: compute from labels/predictions,TODO: compute from labels/predictions,TODO: compute from precision/recall,TODO: define attack objective and evaluate
20,8,random-update,TODO_MODEL,TODO_DATASET,TODO_DATASET_OR_DEPLOYMENT_REQUIRED,TODO: evaluate on real held-out set,TODO: compute from labels/predictions,TODO: compute from labels/predictions,TODO: compute from precision/recall,TODO: define attack objective and evaluate
20,8,backdoor,TODO_MODEL,TODO_DATASET,TODO_DATASET_OR_DEPLOYMENT_REQUIRED,TODO: evaluate on real held-out set,TODO: compute from labels/predictions,TODO: compute from labels/predictions,TODO: compute from precision/recall,TODO: define attack objective and evaluate
20,9,sign-flip,TODO_MODEL,TODO_DATASET,TODO_DATASET_OR_DEPLOYMENT_REQUIRED,TODO: evaluate on real held-out set,TODO: compute from labels/predictions,TODO: compute from labels/predictions,TODO: compute from precision/recall,TODO: define attack objective and evaluate
20,9,label-flip,TODO_MODEL,TODO_DATASET,TODO_DATASET_OR_DEPLOYMENT_REQUIRED,TODO: evaluate on real held-out set,TODO: compute from labels/predictions,TODO: compute from labels/predictions,TODO: compute from precision/recall,TODO: define attack objective and evaluate
20,9,gaussian-noise,TODO_MODEL,TODO_DATASET,TODO_DATASET_OR_DEPLOYMENT_REQUIRED,TODO: evaluate on real held-out set,TODO: compute from labels/predictions,TODO: compute from labels/predictions,TODO: compute from precision/recall,TODO: define attack objective and evaluate
20,9,scaling-attack,TODO_MODEL,TODO_DATASET,TODO_DATASET_OR_DEPLOYMENT_REQUIRED,TODO: evaluate on real held-out set,TODO: compute from labels/predictions,TODO: compute from labels/predictions,TODO: compute from precision/recall,TODO: define attack objective and evaluate
20,9,random-update,TODO_MODEL,TODO_DATASET,TODO_DATASET_OR_DEPLOYMENT_REQUIRED,TODO: evaluate on real held-out set,TODO: compute from labels/predictions,TODO: compute from labels/predictions,TODO: compute from precision/recall,TODO: define attack objective and evaluate
20,9,backdoor,TODO_MODEL,TODO_DATASET,TODO_DATASET_OR_DEPLOYMENT_REQUIRED,TODO: evaluate on real held-out set,TODO: compute from labels/predictions,TODO: compute from labels/predictions,TODO: compute from precision/recall,TODO: define attack objective and evaluate
20,10,sign-flip,TODO_MODEL,TODO_DATASET,TODO_DATASET_OR_DEPLOYMENT_REQUIRED,TODO: evaluate on real held-out set,TODO: compute from labels/predictions,TODO: compute from labels/predictions,TODO: compute from precision/recall,TODO: define attack objective and evaluate
20,10,label-flip,TODO_MODEL,TODO_DATASET,TODO_DATASET_OR_DEPLOYMENT_REQUIRED,TODO: evaluate on real held-out set,TODO: compute from labels/predictions,TODO: compute from labels/predictions,TODO: compute from precision/recall,TODO: define attack objective and evaluate
20,10,gaussian-noise,TODO_MODEL,TODO_DATASET,TODO_DATASET_OR_DEPLOYMENT_REQUIRED,TODO: evaluate on real held-out set,TODO: compute from labels/predictions,TODO: compute from labels/predictions,TODO: compute from precision/recall,TODO: define attack objective and evaluate
20,10,scaling-attack,TODO_MODEL,TODO_DATASET,TODO_DATASET_OR_DEPLOYMENT_REQUIRED,TODO: evaluate on real held-out set,TODO: compute from labels/predictions,TODO: compute from labels/predictions,TODO: compute from precision/recall,TODO: define attack objective and evaluate
20,10,random-update,TODO_MODEL,TODO_DATASET,TODO_DATASET_OR_DEPLOYMENT_REQUIRED,TODO: evaluate on real held-out set,TODO: compute from labels/predictions,TODO: compute from labels/predictions,TODO: compute from precision/recall,TODO: define attack objective and evaluate
20,10,backdoor,TODO_MODEL,TODO_DATASET,TODO_DATASET_OR_DEPLOYMENT_REQUIRED,TODO: evaluate on real held-out set,TODO: compute from labels/predictions,TODO: compute from labels/predictions,TODO: compute from precision/recall,TODO: define attack objective and evaluate
20,11,sign-flip,TODO_MODEL,TODO_DATASET,TODO_DATASET_OR_DEPLOYMENT_REQUIRED,TODO: evaluate on real held-out set,TODO: compute from labels/predictions,TODO: compute from labels/predictions,TODO: compute from precision/recall,TODO: define attack objective and evaluate
20,11,label-flip,TODO_MODEL,TODO_DATASET,TODO_DATASET_OR_DEPLOYMENT_REQUIRED,TODO: evaluate on real held-out set,TODO: compute from labels/predictions,TODO: compute from labels/predictions,TODO: compute from precision/recall,TODO: define attack objective and evaluate
20,11,gaussian-noise,TODO_MODEL,TODO_DATASET,TODO_DATASET_OR_DEPLOYMENT_REQUIRED,TODO: evaluate on real held-out set,TODO: compute from labels/predictions,TODO: compute from labels/predictions,TODO: compute from precision/recall,TODO: define attack objective and evaluate
20,11,scaling-attack,TODO_MODEL,TODO_DATASET,TODO_DATASET_OR_DEPLOYMENT_REQUIRED,TODO: evaluate on real held-out set,TODO: compute from labels/predictions,TODO: compute from labels/predictions,TODO: compute from precision/recall,TODO: define attack objective and evaluate
20,11,random-update,TODO_MODEL,TODO_DATASET,TODO_DATASET_OR_DEPLOYMENT_REQUIRED,TODO: evaluate on real held-out set,TODO: compute from labels/predictions,TODO: compute from labels/predictions,TODO: compute from precision/recall,TODO: define attack objective and evaluate
20,11,backdoor,TODO_MODEL,TODO_DATASET,TODO_DATASET_OR_DEPLOYMENT_REQUIRED,TODO: evaluate on real held-out set,TODO: compute from labels/predictions,TODO: compute from labels/predictions,TODO: compute from precision/recall,TODO: define attack objective and evaluate
20,12,sign-flip,TODO_MODEL,TODO_DATASET,TODO_DATASET_OR_DEPLOYMENT_REQUIRED,TODO: evaluate on real held-out set,TODO: compute from labels/predictions,TODO: compute from labels/predictions,TODO: compute from precision/recall,TODO: define attack objective and evaluate
20,12,label-flip,TODO_MODEL,TODO_DATASET,TODO_DATASET_OR_DEPLOYMENT_REQUIRED,TODO: evaluate on real held-out set,TODO: compute from labels/predictions,TODO: compute from labels/predictions,TODO: compute from precision/recall,TODO: define attack objective and evaluate
20,12,gaussian-noise,TODO_MODEL,TODO_DATASET,TODO_DATASET_OR_DEPLOYMENT_REQUIRED,TODO: evaluate on real held-out set,TODO: compute from labels/predictions,TODO: compute from labels/predictions,TODO: compute from precision/recall,TODO: define attack objective and evaluate
20,12,scaling-attack,TODO_MODEL,TODO_DATASET,TODO_DATASET_OR_DEPLOYMENT_REQUIRED,TODO: evaluate on real held-out set,TODO: compute from labels/predictions,TODO: compute from labels/predictions,TODO: compute from precision/recall,TODO: define attack objective and evaluate
20,12,random-update,TODO_MODEL,TODO_DATASET,TODO_DATASET_OR_DEPLOYMENT_REQUIRED,TODO: evaluate on real held-out set,TODO: compute from labels/predictions,TODO: compute from labels/predictions,TODO: compute from precision/recall,TODO: define attack objective and evaluate
20,12,backdoor,TODO_MODEL,TODO_DATASET,TODO_DATASET_OR_DEPLOYMENT_REQUIRED,TODO: evaluate on real held-out set,TODO: compute from labels/predictions,TODO: compute from labels/predictions,TODO: compute from precision/recall,TODO: define attack objective and evaluate
20,13,sign-flip,TODO_MODEL,TODO_DATASET,TODO_DATASET_OR_DEPLOYMENT_REQUIRED,TODO: evaluate on real held-out set,TODO: compute from labels/predictions,TODO: compute from labels/predictions,TODO: compute from precision/recall,TODO: define attack objective and evaluate
20,13,label-flip,TODO_MODEL,TODO_DATASET,TODO_DATASET_OR_DEPLOYMENT_REQUIRED,TODO: evaluate on real held-out set,TODO: compute from labels/predictions,TODO: compute from labels/predictions,TODO: compute from precision/recall,TODO: define attack objective and evaluate
20,13,gaussian-noise,TODO_MODEL,TODO_DATASET,TODO_DATASET_OR_DEPLOYMENT_REQUIRED,TODO: evaluate on real held-out set,TODO: compute from labels/predictions,TODO: compute from labels/predictions,TODO: compute from precision/recall,TODO: define attack objective and evaluate
20,13,scaling-attack,TODO_MODEL,TODO_DATASET,TODO_DATASET_OR_DEPLOYMENT_REQUIRED,TODO: evaluate on real held-out set,TODO: compute from labels/predictions,TODO: compute from labels/predictions,TODO: compute from precision/recall,TODO: define attack objective and evaluate
20,13,random-update,TODO_MODEL,TODO_DATASET,TODO_DATASET_OR_DEPLOYMENT_REQUIRED,TODO: evaluate on real held-out set,TODO: compute from labels/predictions,TODO: compute from labels/predictions,TODO: compute from precision/recall,TODO: define attack objective and evaluate
20,13,backdoor,TODO_MODEL,TODO_DATASET,TODO_DATASET_OR_DEPLOYMENT_REQUIRED,TODO: evaluate on real held-out set,TODO: compute from labels/predictions,TODO: compute from labels/predictions,TODO: compute from precision/recall,TODO: define attack objective and evaluate
20,14,sign-flip,TODO_MODEL,TODO_DATASET,TODO_DATASET_OR_DEPLOYMENT_REQUIRED,TODO: evaluate on real held-out set,TODO: compute from labels/predictions,TODO: compute from labels/predictions,TODO: compute from precision/recall,TODO: define attack objective and evaluate
20,14,label-flip,TODO_MODEL,TODO_DATASET,TODO_DATASET_OR_DEPLOYMENT_REQUIRED,TODO: evaluate on real held-out set,TODO: compute from labels/predictions,TODO: compute from labels/predictions,TODO: compute from precision/recall,TODO: define attack objective and evaluate
20,14,gaussian-noise,TODO_MODEL,TODO_DATASET,TODO_DATASET_OR_DEPLOYMENT_REQUIRED,TODO: evaluate on real held-out set,TODO: compute from labels/predictions,TODO: compute from labels/predictions,TODO: compute from precision/recall,TODO: define attack objective and evaluate
20,14,scaling-attack,TODO_MODEL,TODO_DATASET,TODO_DATASET_OR_DEPLOYMENT_REQUIRED,TODO: evaluate on real held-out set,TODO: compute from labels/predictions,TODO: compute from labels/predictions,TODO: compute from precision/recall,TODO: define attack objective and evaluate
20,14,random-update,TODO_MODEL,TODO_DATASET,TODO_DATASET_OR_DEPLOYMENT_REQUIRED,TODO: evaluate on real held-out set,TODO: compute from labels/predictions,TODO: compute from labels/predictions,TODO: compute from precision/recall,TODO: define attack objective and evaluate
20,14,backdoor,TODO_MODEL,TODO_DATASET,TODO_DATASET_OR_DEPLOYMENT_REQUIRED,TODO: evaluate on real held-out set,TODO: compute from labels/predictions,TODO: compute from labels/predictions,TODO: compute from precision/recall,TODO: define attack objective and evaluate
20,15,sign-flip,TODO_MODEL,TODO_DATASET,TODO_DATASET_OR_DEPLOYMENT_REQUIRED,TODO: evaluate on real held-out set,TODO: compute from labels/predictions,TODO: compute from labels/predictions,TODO: compute from precision/recall,TODO: define attack objective and evaluate
20,15,label-flip,TODO_MODEL,TODO_DATASET,TODO_DATASET_OR_DEPLOYMENT_REQUIRED,TODO: evaluate on real held-out set,TODO: compute from labels/predictions,TODO: compute from labels/predictions,TODO: compute from precision/recall,TODO: define attack objective and evaluate
20,15,gaussian-noise,TODO_MODEL,TODO_DATASET,TODO_DATASET_OR_DEPLOYMENT_REQUIRED,TODO: evaluate on real held-out set,TODO: compute from labels/predictions,TODO: compute from labels/predictions,TODO: compute from precision/recall,TODO: define attack objective and evaluate
20,15,scaling-attack,TODO_MODEL,TODO_DATASET,TODO_DATASET_OR_DEPLOYMENT_REQUIRED,TODO: evaluate on real held-out set,TODO: compute from labels/predictions,TODO: compute from labels/predictions,TODO: compute from precision/recall,TODO: define attack objective and evaluate
20,15,random-update,TODO_MODEL,TODO_DATASET,TODO_DATASET_OR_DEPLOYMENT_REQUIRED,TODO: evaluate on real held-out set,TODO: compute from labels/predictions,TODO: compute from labels/predictions,TODO: compute from precision/recall,TODO: define attack objective and evaluate
20,15,backdoor,TODO_MODEL,TODO_DATASET,TODO_DATASET_OR_DEPLOYMENT_REQUIRED,TODO: evaluate on real held-out set,TODO: compute from labels/predictions,TODO: compute from labels/predictions,TODO: compute from precision/recall,TODO: define attack objective and evaluate
20,16,sign-flip,TODO_MODEL,TODO_DATASET,TODO_DATASET_OR_DEPLOYMENT_REQUIRED,TODO: evaluate on real held-out set,TODO: compute from labels/predictions,TODO: compute from labels/predictions,TODO: compute from precision/recall,TODO: define attack objective and evaluate
20,16,label-flip,TODO_MODEL,TODO_DATASET,TODO_DATASET_OR_DEPLOYMENT_REQUIRED,TODO: evaluate on real held-out set,TODO: compute from labels/predictions,TODO: compute from labels/predictions,TODO: compute from precision/recall,TODO: define attack objective and evaluate
20,16,gaussian-noise,TODO_MODEL,TODO_DATASET,TODO_DATASET_OR_DEPLOYMENT_REQUIRED,TODO: evaluate on real held-out set,TODO: compute from labels/predictions,TODO: compute from labels/predictions,TODO: compute from precision/recall,TODO: define attack objective and evaluate
20,16,scaling-attack,TODO_MODEL,TODO_DATASET,TODO_DATASET_OR_DEPLOYMENT_REQUIRED,TODO: evaluate on real held-out set,TODO: compute from labels/predictions,TODO: compute from labels/predictions,TODO: compute from precision/recall,TODO: define attack objective and evaluate
20,16,random-update,TODO_MODEL,TODO_DATASET,TODO_DATASET_OR_DEPLOYMENT_REQUIRED,TODO: evaluate on real held-out set,TODO: compute from labels/predictions,TODO: compute from labels/predictions,TODO: compute from precision/recall,TODO: define attack objective and evaluate
20,16,backdoor,TODO_MODEL,TODO_DATASET,TODO_DATASET_OR_DEPLOYMENT_REQUIRED,TODO: evaluate on real held-out set,TODO: compute from labels/predictions,TODO: compute from labels/predictions,TODO: compute from precision/recall,TODO: define attack objective and evaluate
20,17,sign-flip,TODO_MODEL,TODO_DATASET,TODO_DATASET_OR_DEPLOYMENT_REQUIRED,TODO: evaluate on real held-out set,TODO: compute from labels/predictions,TODO: compute from labels/predictions,TODO: compute from precision/recall,TODO: define attack objective and evaluate
20,17,label-flip,TODO_MODEL,TODO_DATASET,TODO_DATASET_OR_DEPLOYMENT_REQUIRED,TODO: evaluate on real held-out set,TODO: compute from labels/predictions,TODO: compute from labels/predictions,TODO: compute from precision/recall,TODO: define attack objective and evaluate
20,17,gaussian-noise,TODO_MODEL,TODO_DATASET,TODO_DATASET_OR_DEPLOYMENT_REQUIRED,TODO: evaluate on real held-out set,TODO: compute from labels/predictions,TODO: compute from labels/predictions,TODO: compute from precision/recall,TODO: define attack objective and evaluate
20,17,scaling-attack,TODO_MODEL,TODO_DATASET,TODO_DATASET_OR_DEPLOYMENT_REQUIRED,TODO: evaluate on real held-out set,TODO: compute from labels/predictions,TODO: compute from labels/predictions,TODO: compute from precision/recall,TODO: define attack objective and evaluate
20,17,random-update,TODO_MODEL,TODO_DATASET,TODO_DATASET_OR_DEPLOYMENT_REQUIRED,TODO: evaluate on real held-out set,TODO: compute from labels/predictions,TODO: compute from labels/predictions,TODO: compute from precision/recall,TODO: define attack objective and evaluate
20,17,backdoor,TODO_MODEL,TODO_DATASET,TODO_DATASET_OR_DEPLOYMENT_REQUIRED,TODO: evaluate on real held-out set,TODO: compute from labels/predictions,TODO: compute from labels/predictions,TODO: compute from precision/recall,TODO: define attack objective and evaluate
20,18,sign-flip,TODO_MODEL,TODO_DATASET,TODO_DATASET_OR_DEPLOYMENT_REQUIRED,TODO: evaluate on real held-out set,TODO: compute from labels/predictions,TODO: compute from labels/predictions,TODO: compute from precision/recall,TODO: define attack objective and evaluate
20,18,label-flip,TODO_MODEL,TODO_DATASET,TODO_DATASET_OR_DEPLOYMENT_REQUIRED,TODO: evaluate on real held-out set,TODO: compute from labels/predictions,TODO: compute from labels/predictions,TODO: compute from precision/recall,TODO: define attack objective and evaluate
20,18,gaussian-noise,TODO_MODEL,TODO_DATASET,TODO_DATASET_OR_DEPLOYMENT_REQUIRED,TODO: evaluate on real held-out set,TODO: compute from labels/predictions,TODO: compute from labels/predictions,TODO: compute from precision/recall,TODO: define attack objective and evaluate
20,18,scaling-attack,TODO_MODEL,TODO_DATASET,TODO_DATASET_OR_DEPLOYMENT_REQUIRED,TODO: evaluate on real held-out set,TODO: compute from labels/predictions,TODO: compute from labels/predictions,TODO: compute from precision/recall,TODO: define attack objective and evaluate
20,18,random-update,TODO_MODEL,TODO_DATASET,TODO_DATASET_OR_DEPLOYMENT_REQUIRED,TODO: evaluate on real held-out set,TODO: compute from labels/predictions,TODO: compute from labels/predictions,TODO: compute from precision/recall,TODO: define attack objective and evaluate
20,18,backdoor,TODO_MODEL,TODO_DATASET,TODO_DATASET_OR_DEPLOYMENT_REQUIRED,TODO: evaluate on real held-out set,TODO: compute from labels/predictions,TODO: compute from labels/predictions,TODO: compute from precision/recall,TODO: define attack objective and evaluate
20,19,sign-flip,TODO_MODEL,TODO_DATASET,TODO_DATASET_OR_DEPLOYMENT_REQUIRED,TODO: evaluate on real held-out set,TODO: compute from labels/predictions,TODO: compute from labels/predictions,TODO: compute from precision/recall,TODO: define attack objective and evaluate
20,19,label-flip,TODO_MODEL,TODO_DATASET,TODO_DATASET_OR_DEPLOYMENT_REQUIRED,TODO: evaluate on real held-out set,TODO: compute from labels/predictions,TODO: compute from labels/predictions,TODO: compute from precision/recall,TODO: define attack objective and evaluate
20,19,gaussian-noise,TODO_MODEL,TODO_DATASET,TODO_DATASET_OR_DEPLOYMENT_REQUIRED,TODO: evaluate on real held-out set,TODO: compute from labels/predictions,TODO: compute from labels/predictions,TODO: compute from precision/recall,TODO: define attack objective and evaluate
20,19,scaling-attack,TODO_MODEL,TODO_DATASET,TODO_DATASET_OR_DEPLOYMENT_REQUIRED,TODO: evaluate on real held-out set,TODO: compute from labels/predictions,TODO: compute from labels/predictions,TODO: compute from precision/recall,TODO: define attack objective and evaluate
20,19,random-update,TODO_MODEL,TODO_DATASET,TODO_DATASET_OR_DEPLOYMENT_REQUIRED,TODO: evaluate on real held-out set,TODO: compute from labels/predictions,TODO: compute from labels/predictions,TODO: compute from precision/recall,TODO: define attack objective and evaluate
20,19,backdoor,TODO_MODEL,TODO_DATASET,TODO_DATASET_OR_DEPLOYMENT_REQUIRED,TODO: evaluate on real held-out set,TODO: compute from labels/predictions,TODO: compute from labels/predictions,TODO: compute from precision/recall,TODO: define attack objective and evaluate
20,20,sign-flip,TODO_MODEL,TODO_DATASET,TODO_DATASET_OR_DEPLOYMENT_REQUIRED,TODO: evaluate on real held-out set,TODO: compute from labels/predictions,TODO: compute from labels/predictions,TODO: compute from precision/recall,TODO: define attack objective and evaluate
20,20,label-flip,TODO_MODEL,TODO_DATASET,TODO_DATASET_OR_DEPLOYMENT_REQUIRED,TODO: evaluate on real held-out set,TODO: compute from labels/predictions,TODO: compute from labels/predictions,TODO: compute from precision/recall,TODO: define attack objective and evaluate
20,20,gaussian-noise,TODO_MODEL,TODO_DATASET,TODO_DATASET_OR_DEPLOYMENT_REQUIRED,TODO: evaluate on real held-out set,TODO: compute from labels/predictions,TODO: compute from labels/predictions,TODO: compute from precision/recall,TODO: define attack objective and evaluate
20,20,scaling-attack,TODO_MODEL,TODO_DATASET,TODO_DATASET_OR_DEPLOYMENT_REQUIRED,TODO: evaluate on real held-out set,TODO: compute from labels/predictions,TODO: compute from labels/predictions,TODO: compute from precision/recall,TODO: define attack objective and evaluate
20,20,random-update,TODO_MODEL,TODO_DATASET,TODO_DATASET_OR_DEPLOYMENT_REQUIRED,TODO: evaluate on real held-out set,TODO: compute from labels/predictions,TODO: compute from labels/predictions,TODO: compute from precision/recall,TODO: define attack objective and evaluate
20,20,backdoor,TODO_MODEL,TODO_DATASET,TODO_DATASET_OR_DEPLOYMENT_REQUIRED,TODO: evaluate on real held-out set,TODO: compute from labels/predictions,TODO: compute from labels/predictions,TODO: compute from precision/recall,TODO: define attack objective and evaluate
20,21,sign-flip,TODO_MODEL,TODO_DATASET,TODO_DATASET_OR_DEPLOYMENT_REQUIRED,TODO: evaluate on real held-out set,TODO: compute from labels/predictions,TODO: compute from labels/predictions,TODO: compute from precision/recall,TODO: define attack objective and evaluate
20,21,label-flip,TODO_MODEL,TODO_DATASET,TODO_DATASET_OR_DEPLOYMENT_REQUIRED,TODO: evaluate on real held-out set,TODO: compute from labels/predictions,TODO: compute from labels/predictions,TODO: compute from precision/recall,TODO: define attack objective and evaluate
20,21,gaussian-noise,TODO_MODEL,TODO_DATASET,TODO_DATASET_OR_DEPLOYMENT_REQUIRED,TODO: evaluate on real held-out set,TODO: compute from labels/predictions,TODO: compute from labels/predictions,TODO: compute from precision/recall,TODO: define attack objective and evaluate
20,21,scaling-attack,TODO_MODEL,TODO_DATASET,TODO_DATASET_OR_DEPLOYMENT_REQUIRED,TODO: evaluate on real held-out set,TODO: compute from labels/predictions,TODO: compute from labels/predictions,TODO: compute from precision/recall,TODO: define attack objective and evaluate
20,21,random-update,TODO_MODEL,TODO_DATASET,TODO_DATASET_OR_DEPLOYMENT_REQUIRED,TODO: evaluate on real held-out set,TODO: compute from labels/predictions,TODO: compute from labels/predictions,TODO: compute from precision/recall,TODO: define attack objective and evaluate
20,21,backdoor,TODO_MODEL,TODO_DATASET,TODO_DATASET_OR_DEPLOYMENT_REQUIRED,TODO: evaluate on real held-out set,TODO: compute from labels/predictions,TODO: compute from labels/predictions,TODO: compute from precision/recall,TODO: define attack objective and evaluate
20,22,sign-flip,TODO_MODEL,TODO_DATASET,TODO_DATASET_OR_DEPLOYMENT_REQUIRED,TODO: evaluate on real held-out set,TODO: compute from labels/predictions,TODO: compute from labels/predictions,TODO: compute from precision/recall,TODO: define attack objective and evaluate
20,22,label-flip,TODO_MODEL,TODO_DATASET,TODO_DATASET_OR_DEPLOYMENT_REQUIRED,TODO: evaluate on real held-out set,TODO: compute from labels/predictions,TODO: compute from labels/predictions,TODO: compute from precision/recall,TODO: define attack objective and evaluate
20,22,gaussian-noise,TODO_MODEL,TODO_DATASET,TODO_DATASET_OR_DEPLOYMENT_REQUIRED,TODO: evaluate on real held-out set,TODO: compute from labels/predictions,TODO: compute from labels/predictions,TODO: compute from precision/recall,TODO: define attack objective and evaluate
20,22,scaling-attack,TODO_MODEL,TODO_DATASET,TODO_DATASET_OR_DEPLOYMENT_REQUIRED,TODO: evaluate on real held-out set,TODO: compute from labels/predictions,TODO: compute from labels/predictions,TODO: compute from precision/recall,TODO: define attack objective and evaluate
20,22,random-update,TODO_MODEL,TODO_DATASET,TODO_DATASET_OR_DEPLOYMENT_REQUIRED,TODO: evaluate on real held-out set,TODO: compute from labels/predictions,TODO: compute from labels/predictions,TODO: compute from precision/recall,TODO: define attack objective and evaluate
20,22,backdoor,TODO_MODEL,TODO_DATASET,TODO_DATASET_OR_DEPLOYMENT_REQUIRED,TODO: evaluate on real held-out set,TODO: compute from labels/predictions,TODO: compute from labels/predictions,TODO: compute from precision/recall,TODO: define attack objective and evaluate
20,23,sign-flip,TODO_MODEL,TODO_DATASET,TODO_DATASET_OR_DEPLOYMENT_REQUIRED,TODO: evaluate on real held-out set,TODO: compute from labels/predictions,TODO: compute from labels/predictions,TODO: compute from precision/recall,TODO: define attack objective and evaluate
20,23,label-flip,TODO_MODEL,TODO_DATASET,TODO_DATASET_OR_DEPLOYMENT_REQUIRED,TODO: evaluate on real held-out set,TODO: compute from labels/predictions,TODO: compute from labels/predictions,TODO: compute from precision/recall,TODO: define attack objective and evaluate
20,23,gaussian-noise,TODO_MODEL,TODO_DATASET,TODO_DATASET_OR_DEPLOYMENT_REQUIRED,TODO: evaluate on real held-out set,TODO: compute from labels/predictions,TODO: compute from labels/predictions,TODO: compute from precision/recall,TODO: define attack objective and evaluate
20,23,scaling-attack,TODO_MODEL,TODO_DATASET,TODO_DATASET_OR_DEPLOYMENT_REQUIRED,TODO: evaluate on real held-out set,TODO: compute from labels/predictions,TODO: compute from labels/predictions,TODO: compute from precision/recall,TODO: define attack objective and evaluate
20,23,random-update,TODO_MODEL,TODO_DATASET,TODO_DATASET_OR_DEPLOYMENT_REQUIRED,TODO: evaluate on real held-out set,TODO: compute from labels/predictions,TODO: compute from labels/predictions,TODO: compute from precision/recall,TODO: define attack objective and evaluate
20,23,backdoor,TODO_MODEL,TODO_DATASET,TODO_DATASET_OR_DEPLOYMENT_REQUIRED,TODO: evaluate on real held-out set,TODO: compute from labels/predictions,TODO: compute from labels/predictions,TODO: compute from precision/recall,TODO: define attack objective and evaluate
20,24,sign-flip,TODO_MODEL,TODO_DATASET,TODO_DATASET_OR_DEPLOYMENT_REQUIRED,TODO: evaluate on real held-out set,TODO: compute from labels/predictions,TODO: compute from labels/predictions,TODO: compute from precision/recall,TODO: define attack objective and evaluate
20,24,label-flip,TODO_MODEL,TODO_DATASET,TODO_DATASET_OR_DEPLOYMENT_REQUIRED,TODO: evaluate on real held-out set,TODO: compute from labels/predictions,TODO: compute from labels/predictions,TODO: compute from precision/recall,TODO: define attack objective and evaluate
20,24,gaussian-noise,TODO_MODEL,TODO_DATASET,TODO_DATASET_OR_DEPLOYMENT_REQUIRED,TODO: evaluate on real held-out set,TODO: compute from labels/predictions,TODO: compute from labels/predictions,TODO: compute from precision/recall,TODO: define attack objective and evaluate
20,24,scaling-attack,TODO_MODEL,TODO_DATASET,TODO_DATASET_OR_DEPLOYMENT_REQUIRED,TODO: evaluate on real held-out set,TODO: compute from labels/predictions,TODO: compute from labels/predictions,TODO: compute from precision/recall,TODO: define attack objective and evaluate
20,24,random-update,TODO_MODEL,TODO_DATASET,TODO_DATASET_OR_DEPLOYMENT_REQUIRED,TODO: evaluate on real held-out set,TODO: compute from labels/predictions,TODO: compute from labels/predictions,TODO: compute from precision/recall,TODO: define attack objective and evaluate
20,24,backdoor,TODO_MODEL,TODO_DATASET,TODO_DATASET_OR_DEPLOYMENT_REQUIRED,TODO: evaluate on real held-out set,TODO: compute from labels/predictions,TODO: compute from labels/predictions,TODO: compute from precision/recall,TODO: define attack objective and evaluate
20,25,sign-flip,TODO_MODEL,TODO_DATASET,TODO_DATASET_OR_DEPLOYMENT_REQUIRED,TODO: evaluate on real held-out set,TODO: compute from labels/predictions,TODO: compute from labels/predictions,TODO: compute from precision/recall,TODO: define attack objective and evaluate
20,25,label-flip,TODO_MODEL,TODO_DATASET,TODO_DATASET_OR_DEPLOYMENT_REQUIRED,TODO: evaluate on real held-out set,TODO: compute from labels/predictions,TODO: compute from labels/predictions,TODO: compute from precision/recall,TODO: define attack objective and evaluate
20,25,gaussian-noise,TODO_MODEL,TODO_DATASET,TODO_DATASET_OR_DEPLOYMENT_REQUIRED,TODO: evaluate on real held-out set,TODO: compute from labels/predictions,TODO: compute from labels/predictions,TODO: compute from precision/recall,TODO: define attack objective and evaluate
20,25,scaling-attack,TODO_MODEL,TODO_DATASET,TODO_DATASET_OR_DEPLOYMENT_REQUIRED,TODO: evaluate on real held-out set,TODO: compute from labels/predictions,TODO: compute from labels/predictions,TODO: compute from precision/recall,TODO: define attack objective and evaluate
20,25,random-update,TODO_MODEL,TODO_DATASET,TODO_DATASET_OR_DEPLOYMENT_REQUIRED,TODO: evaluate on real held-out set,TODO: compute from labels/predictions,TODO: compute from labels/predictions,TODO: compute from precision/recall,TODO: define attack objective and evaluate
20,25,backdoor,TODO_MODEL,TODO_DATASET,TODO_DATASET_OR_DEPLOYMENT_REQUIRED,TODO: evaluate on real held-out set,TODO: compute from labels/predictions,TODO: compute from labels/predictions,TODO: compute from precision/recall,TODO: define attack objective and evaluate
20,26,sign-flip,TODO_MODEL,TODO_DATASET,TODO_DATASET_OR_DEPLOYMENT_REQUIRED,TODO: evaluate on real held-out set,TODO: compute from labels/predictions,TODO: compute from labels/predictions,TODO: compute from precision/recall,TODO: define attack objective and evaluate
20,26,label-flip,TODO_MODEL,TODO_DATASET,TODO_DATASET_OR_DEPLOYMENT_REQUIRED,TODO: evaluate on real held-out set,TODO: compute from labels/predictions,TODO: compute from labels/predictions,TODO: compute from precision/recall,TODO: define attack objective and evaluate
20,26,gaussian-noise,TODO_MODEL,TODO_DATASET,TODO_DATASET_OR_DEPLOYMENT_REQUIRED,TODO: evaluate on real held-out set,TODO: compute from labels/predictions,TODO: compute from labels/predictions,TODO: compute from precision/recall,TODO: define attack objective and evaluate
20,26,scaling-attack,TODO_MODEL,TODO_DATASET,TODO_DATASET_OR_DEPLOYMENT_REQUIRED,TODO: evaluate on real held-out set,TODO: compute from labels/predictions,TODO: compute from labels/predictions,TODO: compute from precision/recall,TODO: define attack objective and evaluate
20,26,random-update,TODO_MODEL,TODO_DATASET,TODO_DATASET_OR_DEPLOYMENT_REQUIRED,TODO: evaluate on real held-out set,TODO: compute from labels/predictions,TODO: compute from labels/predictions,TODO: compute from precision/recall,TODO: define attack objective and evaluate
20,26,backdoor,TODO_MODEL,TODO_DATASET,TODO_DATASET_OR_DEPLOYMENT_REQUIRED,TODO: evaluate on real held-out set,TODO: compute from labels/predictions,TODO: compute from labels/predictions,TODO: compute from precision/recall,TODO: define attack objective and evaluate
20,27,sign-flip,TODO_MODEL,TODO_DATASET,TODO_DATASET_OR_DEPLOYMENT_REQUIRED,TODO: evaluate on real held-out set,TODO: compute from labels/predictions,TODO: compute from labels/predictions,TODO: compute from precision/recall,TODO: define attack objective and evaluate
20,27,label-flip,TODO_MODEL,TODO_DATASET,TODO_DATASET_OR_DEPLOYMENT_REQUIRED,TODO: evaluate on real held-out set,TODO: compute from labels/predictions,TODO: compute from labels/predictions,TODO: compute from precision/recall,TODO: define attack objective and evaluate
20,27,gaussian-noise,TODO_MODEL,TODO_DATASET,TODO_DATASET_OR_DEPLOYMENT_REQUIRED,TODO: evaluate on real held-out set,TODO: compute from labels/predictions,TODO: compute from labels/predictions,TODO: compute from precision/recall,TODO: define attack objective and evaluate
20,27,scaling-attack,TODO_MODEL,TODO_DATASET,TODO_DATASET_OR_DEPLOYMENT_REQUIRED,TODO: evaluate on real held-out set,TODO: compute from labels/predictions,TODO: compute from labels/predictions,TODO: compute from precision/recall,TODO: define attack objective and evaluate
20,27,random-update,TODO_MODEL,TODO_DATASET,TODO_DATASET_OR_DEPLOYMENT_REQUIRED,TODO: evaluate on real held-out set,TODO: compute from labels/predictions,TODO: compute from labels/predictions,TODO: compute from precision/recall,TODO: define attack objective and evaluate
20,27,backdoor,TODO_MODEL,TODO_DATASET,TODO_DATASET_OR_DEPLOYMENT_REQUIRED,TODO: evaluate on real held-out set,TODO: compute from labels/predictions,TODO: compute from labels/predictions,TODO: compute from precision/recall,TODO: define attack objective and evaluate
20,28,sign-flip,TODO_MODEL,TODO_DATASET,TODO_DATASET_OR_DEPLOYMENT_REQUIRED,TODO: evaluate on real held-out set,TODO: compute from labels/predictions,TODO: compute from labels/predictions,TODO: compute from precision/recall,TODO: define attack objective and evaluate
20,28,label-flip,TODO_MODEL,TODO_DATASET,TODO_DATASET_OR_DEPLOYMENT_REQUIRED,TODO: evaluate on real held-out set,TODO: compute from labels/predictions,TODO: compute from labels/predictions,TODO: compute from precision/recall,TODO: define attack objective and evaluate
20,28,gaussian-noise,TODO_MODEL,TODO_DATASET,TODO_DATASET_OR_DEPLOYMENT_REQUIRED,TODO: evaluate on real held-out set,TODO: compute from labels/predictions,TODO: compute from labels/predictions,TODO: compute from precision/recall,TODO: define attack objective and evaluate
20,28,scaling-attack,TODO_MODEL,TODO_DATASET,TODO_DATASET_OR_DEPLOYMENT_REQUIRED,TODO: evaluate on real held-out set,TODO: compute from labels/predictions,TODO: compute from labels/predictions,TODO: compute from precision/recall,TODO: define attack objective and evaluate
20,28,random-update,TODO_MODEL,TODO_DATASET,TODO_DATASET_OR_DEPLOYMENT_REQUIRED,TODO: evaluate on real held-out set,TODO: compute from labels/predictions,TODO: compute from labels/predictions,TODO: compute from precision/recall,TODO: define attack objective and evaluate
20,28,backdoor,TODO_MODEL,TODO_DATASET,TODO_DATASET_OR_DEPLOYMENT_REQUIRED,TODO: evaluate on real held-out set,TODO: compute from labels/predictions,TODO: compute from labels/predictions,TODO: compute from precision/recall,TODO: define attack objective and evaluate
20,29,sign-flip,TODO_MODEL,TODO_DATASET,TODO_DATASET_OR_DEPLOYMENT_REQUIRED,TODO: evaluate on real held-out set,TODO: compute from labels/predictions,TODO: compute from labels/predictions,TODO: compute from precision/recall,TODO: define attack objective and evaluate
20,29,label-flip,TODO_MODEL,TODO_DATASET,TODO_DATASET_OR_DEPLOYMENT_REQUIRED,TODO: evaluate on real held-out set,TODO: compute from labels/predictions,TODO: compute from labels/predictions,TODO: compute from precision/recall,TODO: define attack objective and evaluate
20,29,gaussian-noise,TODO_MODEL,TODO_DATASET,TODO_DATASET_OR_DEPLOYMENT_REQUIRED,TODO: evaluate on real held-out set,TODO: compute from labels/predictions,TODO: compute from labels/predictions,TODO: compute from precision/recall,TODO: define attack objective and evaluate
20,29,scaling-attack,TODO_MODEL,TODO_DATASET,TODO_DATASET_OR_DEPLOYMENT_REQUIRED,TODO: evaluate on real held-out set,TODO: compute from labels/predictions,TODO: compute from labels/predictions,TODO: compute from precision/recall,TODO: define attack objective and evaluate
20,29,random-update,TODO_MODEL,TODO_DATASET,TODO_DATASET_OR_DEPLOYMENT_REQUIRED,TODO: evaluate on real held-out set,TODO: compute from labels/predictions,TODO: compute from labels/predictions,TODO: compute from precision/recall,TODO: define attack objective and evaluate
20,29,backdoor,TODO_MODEL,TODO_DATASET,TODO_DATASET_OR_DEPLOYMENT_REQUIRED,TODO: evaluate on real held-out set,TODO: compute from labels/predictions,TODO: compute from labels/predictions,TODO: compute from precision/recall,TODO: define attack objective and evaluate
50,0,sign-flip,TODO_MODEL,TODO_DATASET,TODO_DATASET_OR_DEPLOYMENT_REQUIRED,TODO: evaluate on real held-out set,TODO: compute from labels/predictions,TODO: compute from labels/predictions,TODO: compute from precision/recall,TODO: define attack objective and evaluate
50,0,label-flip,TODO_MODEL,TODO_DATASET,TODO_DATASET_OR_DEPLOYMENT_REQUIRED,TODO: evaluate on real held-out set,TODO: compute from labels/predictions,TODO: compute from labels/predictions,TODO: compute from precision/recall,TODO: define attack objective and evaluate
50,0,gaussian-noise,TODO_MODEL,TODO_DATASET,TODO_DATASET_OR_DEPLOYMENT_REQUIRED,TODO: evaluate on real held-out set,TODO: compute from labels/predictions,TODO: compute from labels/predictions,TODO: compute from precision/recall,TODO: define attack objective and evaluate
50,0,scaling-attack,TODO_MODEL,TODO_DATASET,TODO_DATASET_OR_DEPLOYMENT_REQUIRED,TODO: evaluate on real held-out set,TODO: compute from labels/predictions,TODO: compute from labels/predictions,TODO: compute from precision/recall,TODO: define attack objective and evaluate
50,0,random-update,TODO_MODEL,TODO_DATASET,TODO_DATASET_OR_DEPLOYMENT_REQUIRED,TODO: evaluate on real held-out set,TODO: compute from labels/predictions,TODO: compute from labels/predictions,TODO: compute from precision/recall,TODO: define attack objective and evaluate
50,0,backdoor,TODO_MODEL,TODO_DATASET,TODO_DATASET_OR_DEPLOYMENT_REQUIRED,TODO: evaluate on real held-out set,TODO: compute from labels/predictions,TODO: compute from labels/predictions,TODO: compute from precision/recall,TODO: define attack objective and evaluate
50,1,sign-flip,TODO_MODEL,TODO_DATASET,TODO_DATASET_OR_DEPLOYMENT_REQUIRED,TODO: evaluate on real held-out set,TODO: compute from labels/predictions,TODO: compute from labels/predictions,TODO: compute from precision/recall,TODO: define attack objective and evaluate
50,1,label-flip,TODO_MODEL,TODO_DATASET,TODO_DATASET_OR_DEPLOYMENT_REQUIRED,TODO: evaluate on real held-out set,TODO: compute from labels/predictions,TODO: compute from labels/predictions,TODO: compute from precision/recall,TODO: define attack objective and evaluate
50,1,gaussian-noise,TODO_MODEL,TODO_DATASET,TODO_DATASET_OR_DEPLOYMENT_REQUIRED,TODO: evaluate on real held-out set,TODO: compute from labels/predictions,TODO: compute from labels/predictions,TODO: compute from precision/recall,TODO: define attack objective and evaluate
50,1,scaling-attack,TODO_MODEL,TODO_DATASET,TODO_DATASET_OR_DEPLOYMENT_REQUIRED,TODO: evaluate on real held-out set,TODO: compute from labels/predictions,TODO: compute from labels/predictions,TODO: compute from precision/recall,TODO: define attack objective and evaluate
50,1,random-update,TODO_MODEL,TODO_DATASET,TODO_DATASET_OR_DEPLOYMENT_REQUIRED,TODO: evaluate on real held-out set,TODO: compute from labels/predictions,TODO: compute from labels/predictions,TODO: compute from precision/recall,TODO: define attack objective and evaluate
50,1,backdoor,TODO_MODEL,TODO_DATASET,TODO_DATASET_OR_DEPLOYMENT_REQUIRED,TODO: evaluate on real held-out set,TODO: compute from labels/predictions,TODO: compute from labels/predictions,TODO: compute from precision/recall,TODO: define attack objective and evaluate
50,2,sign-flip,TODO_MODEL,TODO_DATASET,TODO_DATASET_OR_DEPLOYMENT_REQUIRED,TODO: evaluate on real held-out set,TODO: compute from labels/predictions,TODO: compute from labels/predictions,TODO: compute from precision/recall,TODO: define attack objective and evaluate
50,2,label-flip,TODO_MODEL,TODO_DATASET,TODO_DATASET_OR_DEPLOYMENT_REQUIRED,TODO: evaluate on real held-out set,TODO: compute from labels/predictions,TODO: compute from labels/predictions,TODO: compute from precision/recall,TODO: define attack objective and evaluate
50,2,gaussian-noise,TODO_MODEL,TODO_DATASET,TODO_DATASET_OR_DEPLOYMENT_REQUIRED,TODO: evaluate on real held-out set,TODO: compute from labels/predictions,TODO: compute from labels/predictions,TODO: compute from precision/recall,TODO: define attack objective and evaluate
50,2,scaling-attack,TODO_MODEL,TODO_DATASET,TODO_DATASET_OR_DEPLOYMENT_REQUIRED,TODO: evaluate on real held-out set,TODO: compute from labels/predictions,TODO: compute from labels/predictions,TODO: compute from precision/recall,TODO: define attack objective and evaluate
50,2,random-update,TODO_MODEL,TODO_DATASET,TODO_DATASET_OR_DEPLOYMENT_REQUIRED,TODO: evaluate on real held-out set,TODO: compute from labels/predictions,TODO: compute from labels/predictions,TODO: compute from precision/recall,TODO: define attack objective and evaluate
50,2,backdoor,TODO_MODEL,TODO_DATASET,TODO_DATASET_OR_DEPLOYMENT_REQUIRED,TODO: evaluate on real held-out set,TODO: compute from labels/predictions,TODO: compute from labels/predictions,TODO: compute from precision/recall,TODO: define attack objective and evaluate
50,3,sign-flip,TODO_MODEL,TODO_DATASET,TODO_DATASET_OR_DEPLOYMENT_REQUIRED,TODO: evaluate on real held-out set,TODO: compute from labels/predictions,TODO: compute from labels/predictions,TODO: compute from precision/recall,TODO: define attack objective and evaluate
50,3,label-flip,TODO_MODEL,TODO_DATASET,TODO_DATASET_OR_DEPLOYMENT_REQUIRED,TODO: evaluate on real held-out set,TODO: compute from labels/predictions,TODO: compute from labels/predictions,TODO: compute from precision/recall,TODO: define attack objective and evaluate
50,3,gaussian-noise,TODO_MODEL,TODO_DATASET,TODO_DATASET_OR_DEPLOYMENT_REQUIRED,TODO: evaluate on real held-out set,TODO: compute from labels/predictions,TODO: compute from labels/predictions,TODO: compute from precision/recall,TODO: define attack objective and evaluate
50,3,scaling-attack,TODO_MODEL,TODO_DATASET,TODO_DATASET_OR_DEPLOYMENT_REQUIRED,TODO: evaluate on real held-out set,TODO: compute from labels/predictions,TODO: compute from labels/predictions,TODO: compute from precision/recall,TODO: define attack objective and evaluate
50,3,random-update,TODO_MODEL,TODO_DATASET,TODO_DATASET_OR_DEPLOYMENT_REQUIRED,TODO: evaluate on real held-out set,TODO: compute from labels/predictions,TODO: compute from labels/predictions,TODO: compute from precision/recall,TODO: define attack objective and evaluate
50,3,backdoor,TODO_MODEL,TODO_DATASET,TODO_DATASET_OR_DEPLOYMENT_REQUIRED,TODO: evaluate on real held-out set,TODO: compute from labels/predictions,TODO: compute from labels/predictions,TODO: compute from precision/recall,TODO: define attack objective and evaluate
50,4,sign-flip,TODO_MODEL,TODO_DATASET,TODO_DATASET_OR_DEPLOYMENT_REQUIRED,TODO: evaluate on real held-out set,TODO: compute from labels/predictions,TODO: compute from labels/predictions,TODO: compute from precision/recall,TODO: define attack objective and evaluate
50,4,label-flip,TODO_MODEL,TODO_DATASET,TODO_DATASET_OR_DEPLOYMENT_REQUIRED,TODO: evaluate on real held-out set,TODO: compute from labels/predictions,TODO: compute from labels/predictions,TODO: compute from precision/recall,TODO: define attack objective and evaluate
50,4,gaussian-noise,TODO_MODEL,TODO_DATASET,TODO_DATASET_OR_DEPLOYMENT_REQUIRED,TODO: evaluate on real held-out set,TODO: compute from labels/predictions,TODO: compute from labels/predictions,TODO: compute from precision/recall,TODO: define attack objective and evaluate
50,4,scaling-attack,TODO_MODEL,TODO_DATASET,TODO_DATASET_OR_DEPLOYMENT_REQUIRED,TODO: evaluate on real held-out set,TODO: compute from labels/predictions,TODO: compute from labels/predictions,TODO: compute from precision/recall,TODO: define attack objective and evaluate
50,4,random-update,TODO_MODEL,TODO_DATASET,TODO_DATASET_OR_DEPLOYMENT_REQUIRED,TODO: evaluate on real held-out set,TODO: compute from labels/predictions,TODO: compute from labels/predictions,TODO: compute from precision/recall,TODO: define attack objective and evaluate
50,4,backdoor,TODO_MODEL,TODO_DATASET,TODO_DATASET_OR_DEPLOYMENT_REQUIRED,TODO: evaluate on real held-out set,TODO: compute from labels/predictions,TODO: compute from labels/predictions,TODO: compute from precision/recall,TODO: define attack objective and evaluate
50,5,sign-flip,TODO_MODEL,TODO_DATASET,TODO_DATASET_OR_DEPLOYMENT_REQUIRED,TODO: evaluate on real held-out set,TODO: compute from labels/predictions,TODO: compute from labels/predictions,TODO: compute from precision/recall,TODO: define attack objective and evaluate
50,5,label-flip,TODO_MODEL,TODO_DATASET,TODO_DATASET_OR_DEPLOYMENT_REQUIRED,TODO: evaluate on real held-out set,TODO: compute from labels/predictions,TODO: compute from labels/predictions,TODO: compute from precision/recall,TODO: define attack objective and evaluate
50,5,gaussian-noise,TODO_MODEL,TODO_DATASET,TODO_DATASET_OR_DEPLOYMENT_REQUIRED,TODO: evaluate on real held-out set,TODO: compute from labels/predictions,TODO: compute from labels/predictions,TODO: compute from precision/recall,TODO: define attack objective and evaluate
50,5,scaling-attack,TODO_MODEL,TODO_DATASET,TODO_DATASET_OR_DEPLOYMENT_REQUIRED,TODO: evaluate on real held-out set,TODO: compute from labels/predictions,TODO: compute from labels/predictions,TODO: compute from precision/recall,TODO: define attack objective and evaluate
50,5,random-update,TODO_MODEL,TODO_DATASET,TODO_DATASET_OR_DEPLOYMENT_REQUIRED,TODO: evaluate on real held-out set,TODO: compute from labels/predictions,TODO: compute from labels/predictions,TODO: compute from precision/recall,TODO: define attack objective and evaluate
50,5,backdoor,TODO_MODEL,TODO_DATASET,TODO_DATASET_OR_DEPLOYMENT_REQUIRED,TODO: evaluate on real held-out set,TODO: compute from labels/predictions,TODO: compute from labels/predictions,TODO: compute from precision/recall,TODO: define attack objective and evaluate
50,6,sign-flip,TODO_MODEL,TODO_DATASET,TODO_DATASET_OR_DEPLOYMENT_REQUIRED,TODO: evaluate on real held-out set,TODO: compute from labels/predictions,TODO: compute from labels/predictions,TODO: compute from precision/recall,TODO: define attack objective and evaluate
50,6,label-flip,TODO_MODEL,TODO_DATASET,TODO_DATASET_OR_DEPLOYMENT_REQUIRED,TODO: evaluate on real held-out set,TODO: compute from labels/predictions,TODO: compute from labels/predictions,TODO: compute from precision/recall,TODO: define attack objective and evaluate
50,6,gaussian-noise,TODO_MODEL,TODO_DATASET,TODO_DATASET_OR_DEPLOYMENT_REQUIRED,TODO: evaluate on real held-out set,TODO: compute from labels/predictions,TODO: compute from labels/predictions,TODO: compute from precision/recall,TODO: define attack objective and evaluate
50,6,scaling-attack,TODO_MODEL,TODO_DATASET,TODO_DATASET_OR_DEPLOYMENT_REQUIRED,TODO: evaluate on real held-out set,TODO: compute from labels/predictions,TODO: compute from labels/predictions,TODO: compute from precision/recall,TODO: define attack objective and evaluate
50,6,random-update,TODO_MODEL,TODO_DATASET,TODO_DATASET_OR_DEPLOYMENT_REQUIRED,TODO: evaluate on real held-out set,TODO: compute from labels/predictions,TODO: compute from labels/predictions,TODO: compute from precision/recall,TODO: define attack objective and evaluate
50,6,backdoor,TODO_MODEL,TODO_DATASET,TODO_DATASET_OR_DEPLOYMENT_REQUIRED,TODO: evaluate on real held-out set,TODO: compute from labels/predictions,TODO: compute from labels/predictions,TODO: compute from precision/recall,TODO: define attack objective and evaluate
50,7,sign-flip,TODO_MODEL,TODO_DATASET,TODO_DATASET_OR_DEPLOYMENT_REQUIRED,TODO: evaluate on real held-out set,TODO: compute from labels/predictions,TODO: compute from labels/predictions,TODO: compute from precision/recall,TODO: define attack objective and evaluate
50,7,label-flip,TODO_MODEL,TODO_DATASET,TODO_DATASET_OR_DEPLOYMENT_REQUIRED,TODO: evaluate on real held-out set,TODO: compute from labels/predictions,TODO: compute from labels/predictions,TODO: compute from precision/recall,TODO: define attack objective and evaluate
50,7,gaussian-noise,TODO_MODEL,TODO_DATASET,TODO_DATASET_OR_DEPLOYMENT_REQUIRED,TODO: evaluate on real held-out set,TODO: compute from labels/predictions,TODO: compute from labels/predictions,TODO: compute from precision/recall,TODO: define attack objective and evaluate
50,7,scaling-attack,TODO_MODEL,TODO_DATASET,TODO_DATASET_OR_DEPLOYMENT_REQUIRED,TODO: evaluate on real held-out set,TODO: compute from labels/predictions,TODO: compute from labels/predictions,TODO: compute from precision/recall,TODO: define attack objective and evaluate
50,7,random-update,TODO_MODEL,TODO_DATASET,TODO_DATASET_OR_DEPLOYMENT_REQUIRED,TODO: evaluate on real held-out set,TODO: compute from labels/predictions,TODO: compute from labels/predictions,TODO: compute from precision/recall,TODO: define attack objective and evaluate
50,7,backdoor,TODO_MODEL,TODO_DATASET,TODO_DATASET_OR_DEPLOYMENT_REQUIRED,TODO: evaluate on real held-out set,TODO: compute from labels/predictions,TODO: compute from labels/predictions,TODO: compute from precision/recall,TODO: define attack objective and evaluate
50,8,sign-flip,TODO_MODEL,TODO_DATASET,TODO_DATASET_OR_DEPLOYMENT_REQUIRED,TODO: evaluate on real held-out set,TODO: compute from labels/predictions,TODO: compute from labels/predictions,TODO: compute from precision/recall,TODO: define attack objective and evaluate
50,8,label-flip,TODO_MODEL,TODO_DATASET,TODO_DATASET_OR_DEPLOYMENT_REQUIRED,TODO: evaluate on real held-out set,TODO: compute from labels/predictions,TODO: compute from labels/predictions,TODO: compute from precision/recall,TODO: define attack objective and evaluate
50,8,gaussian-noise,TODO_MODEL,TODO_DATASET,TODO_DATASET_OR_DEPLOYMENT_REQUIRED,TODO: evaluate on real held-out set,TODO: compute from labels/predictions,TODO: compute from labels/predictions,TODO: compute from precision/recall,TODO: define attack objective and evaluate
50,8,scaling-attack,TODO_MODEL,TODO_DATASET,TODO_DATASET_OR_DEPLOYMENT_REQUIRED,TODO: evaluate on real held-out set,TODO: compute from labels/predictions,TODO: compute from labels/predictions,TODO: compute from precision/recall,TODO: define attack objective and evaluate
50,8,random-update,TODO_MODEL,TODO_DATASET,TODO_DATASET_OR_DEPLOYMENT_REQUIRED,TODO: evaluate on real held-out set,TODO: compute from labels/predictions,TODO: compute from labels/predictions,TODO: compute from precision/recall,TODO: define attack objective and evaluate
50,8,backdoor,TODO_MODEL,TODO_DATASET,TODO_DATASET_OR_DEPLOYMENT_REQUIRED,TODO: evaluate on real held-out set,TODO: compute from labels/predictions,TODO: compute from labels/predictions,TODO: compute from precision/recall,TODO: define attack objective and evaluate
50,9,sign-flip,TODO_MODEL,TODO_DATASET,TODO_DATASET_OR_DEPLOYMENT_REQUIRED,TODO: evaluate on real held-out set,TODO: compute from labels/predictions,TODO: compute from labels/predictions,TODO: compute from precision/recall,TODO: define attack objective and evaluate
50,9,label-flip,TODO_MODEL,TODO_DATASET,TODO_DATASET_OR_DEPLOYMENT_REQUIRED,TODO: evaluate on real held-out set,TODO: compute from labels/predictions,TODO: compute from labels/predictions,TODO: compute from precision/recall,TODO: define attack objective and evaluate
50,9,gaussian-noise,TODO_MODEL,TODO_DATASET,TODO_DATASET_OR_DEPLOYMENT_REQUIRED,TODO: evaluate on real held-out set,TODO: compute from labels/predictions,TODO: compute from labels/predictions,TODO: compute from precision/recall,TODO: define attack objective and evaluate
50,9,scaling-attack,TODO_MODEL,TODO_DATASET,TODO_DATASET_OR_DEPLOYMENT_REQUIRED,TODO: evaluate on real held-out set,TODO: compute from labels/predictions,TODO: compute from labels/predictions,TODO: compute from precision/recall,TODO: define attack objective and evaluate
50,9,random-update,TODO_MODEL,TODO_DATASET,TODO_DATASET_OR_DEPLOYMENT_REQUIRED,TODO: evaluate on real held-out set,TODO: compute from labels/predictions,TODO: compute from labels/predictions,TODO: compute from precision/recall,TODO: define attack objective and evaluate
50,9,backdoor,TODO_MODEL,TODO_DATASET,TODO_DATASET_OR_DEPLOYMENT_REQUIRED,TODO: evaluate on real held-out set,TODO: compute from labels/predictions,TODO: compute from labels/predictions,TODO: compute from precision/recall,TODO: define attack objective and evaluate
50,10,sign-flip,TODO_MODEL,TODO_DATASET,TODO_DATASET_OR_DEPLOYMENT_REQUIRED,TODO: evaluate on real held-out set,TODO: compute from labels/predictions,TODO: compute from labels/predictions,TODO: compute from precision/recall,TODO: define attack objective and evaluate
50,10,label-flip,TODO_MODEL,TODO_DATASET,TODO_DATASET_OR_DEPLOYMENT_REQUIRED,TODO: evaluate on real held-out set,TODO: compute from labels/predictions,TODO: compute from labels/predictions,TODO: compute from precision/recall,TODO: define attack objective and evaluate
50,10,gaussian-noise,TODO_MODEL,TODO_DATASET,TODO_DATASET_OR_DEPLOYMENT_REQUIRED,TODO: evaluate on real held-out set,TODO: compute from labels/predictions,TODO: compute from labels/predictions,TODO: compute from precision/recall,TODO: define attack objective and evaluate
50,10,scaling-attack,TODO_MODEL,TODO_DATASET,TODO_DATASET_OR_DEPLOYMENT_REQUIRED,TODO: evaluate on real held-out set,TODO: compute from labels/predictions,TODO: compute from labels/predictions,TODO: compute from precision/recall,TODO: define attack objective and evaluate
50,10,random-update,TODO_MODEL,TODO_DATASET,TODO_DATASET_OR_DEPLOYMENT_REQUIRED,TODO: evaluate on real held-out set,TODO: compute from labels/predictions,TODO: compute from labels/predictions,TODO: compute from precision/recall,TODO: define attack objective and evaluate
50,10,backdoor,TODO_MODEL,TODO_DATASET,TODO_DATASET_OR_DEPLOYMENT_REQUIRED,TODO: evaluate on real held-out set,TODO: compute from labels/predictions,TODO: compute from labels/predictions,TODO: compute from precision/recall,TODO: define attack objective and evaluate
50,11,sign-flip,TODO_MODEL,TODO_DATASET,TODO_DATASET_OR_DEPLOYMENT_REQUIRED,TODO: evaluate on real held-out set,TODO: compute from labels/predictions,TODO: compute from labels/predictions,TODO: compute from precision/recall,TODO: define attack objective and evaluate
50,11,label-flip,TODO_MODEL,TODO_DATASET,TODO_DATASET_OR_DEPLOYMENT_REQUIRED,TODO: evaluate on real held-out set,TODO: compute from labels/predictions,TODO: compute from labels/predictions,TODO: compute from precision/recall,TODO: define attack objective and evaluate
50,11,gaussian-noise,TODO_MODEL,TODO_DATASET,TODO_DATASET_OR_DEPLOYMENT_REQUIRED,TODO: evaluate on real held-out set,TODO: compute from labels/predictions,TODO: compute from labels/predictions,TODO: compute from precision/recall,TODO: define attack objective and evaluate
50,11,scaling-attack,TODO_MODEL,TODO_DATASET,TODO_DATASET_OR_DEPLOYMENT_REQUIRED,TODO: evaluate on real held-out set,TODO: compute from labels/predictions,TODO: compute from labels/predictions,TODO: compute from precision/recall,TODO: define attack objective and evaluate
50,11,random-update,TODO_MODEL,TODO_DATASET,TODO_DATASET_OR_DEPLOYMENT_REQUIRED,TODO: evaluate on real held-out set,TODO: compute from labels/predictions,TODO: compute from labels/predictions,TODO: compute from precision/recall,TODO: define attack objective and evaluate
50,11,backdoor,TODO_MODEL,TODO_DATASET,TODO_DATASET_OR_DEPLOYMENT_REQUIRED,TODO: evaluate on real held-out set,TODO: compute from labels/predictions,TODO: compute from labels/predictions,TODO: compute from precision/recall,TODO: define attack objective and evaluate
50,12,sign-flip,TODO_MODEL,TODO_DATASET,TODO_DATASET_OR_DEPLOYMENT_REQUIRED,TODO: evaluate on real held-out set,TODO: compute from labels/predictions,TODO: compute from labels/predictions,TODO: compute from precision/recall,TODO: define attack objective and evaluate
50,12,label-flip,TODO_MODEL,TODO_DATASET,TODO_DATASET_OR_DEPLOYMENT_REQUIRED,TODO: evaluate on real held-out set,TODO: compute from labels/predictions,TODO: compute from labels/predictions,TODO: compute from precision/recall,TODO: define attack objective and evaluate
50,12,gaussian-noise,TODO_MODEL,TODO_DATASET,TODO_DATASET_OR_DEPLOYMENT_REQUIRED,TODO: evaluate on real held-out set,TODO: compute from labels/predictions,TODO: compute from labels/predictions,TODO: compute from precision/recall,TODO: define attack objective and evaluate
50,12,scaling-attack,TODO_MODEL,TODO_DATASET,TODO_DATASET_OR_DEPLOYMENT_REQUIRED,TODO: evaluate on real held-out set,TODO: compute from labels/predictions,TODO: compute from labels/predictions,TODO: compute from precision/recall,TODO: define attack objective and evaluate
50,12,random-update,TODO_MODEL,TODO_DATASET,TODO_DATASET_OR_DEPLOYMENT_REQUIRED,TODO: evaluate on real held-out set,TODO: compute from labels/predictions,TODO: compute from labels/predictions,TODO: compute from precision/recall,TODO: define attack objective and evaluate
50,12,backdoor,TODO_MODEL,TODO_DATASET,TODO_DATASET_OR_DEPLOYMENT_REQUIRED,TODO: evaluate on real held-out set,TODO: compute from labels/predictions,TODO: compute from labels/predictions,TODO: compute from precision/recall,TODO: define attack objective and evaluate
50,13,sign-flip,TODO_MODEL,TODO_DATASET,TODO_DATASET_OR_DEPLOYMENT_REQUIRED,TODO: evaluate on real held-out set,TODO: compute from labels/predictions,TODO: compute from labels/predictions,TODO: compute from precision/recall,TODO: define attack objective and evaluate
50,13,label-flip,TODO_MODEL,TODO_DATASET,TODO_DATASET_OR_DEPLOYMENT_REQUIRED,TODO: evaluate on real held-out set,TODO: compute from labels/predictions,TODO: compute from labels/predictions,TODO: compute from precision/recall,TODO: define attack objective and evaluate
50,13,gaussian-noise,TODO_MODEL,TODO_DATASET,TODO_DATASET_OR_DEPLOYMENT_REQUIRED,TODO: evaluate on real held-out set,TODO: compute from labels/predictions,TODO: compute from labels/predictions,TODO: compute from precision/recall,TODO: define attack objective and evaluate
50,13,scaling-attack,TODO_MODEL,TODO_DATASET,TODO_DATASET_OR_DEPLOYMENT_REQUIRED,TODO: evaluate on real held-out set,TODO: compute from labels/predictions,TODO: compute from labels/predictions,TODO: compute from precision/recall,TODO: define attack objective and evaluate
50,13,random-update,TODO_MODEL,TODO_DATASET,TODO_DATASET_OR_DEPLOYMENT_REQUIRED,TODO: evaluate on real held-out set,TODO: compute from labels/predictions,TODO: compute from labels/predictions,TODO: compute from precision/recall,TODO: define attack objective and evaluate
50,13,backdoor,TODO_MODEL,TODO_DATASET,TODO_DATASET_OR_DEPLOYMENT_REQUIRED,TODO: evaluate on real held-out set,TODO: compute from labels/predictions,TODO: compute from labels/predictions,TODO: compute from precision/recall,TODO: define attack objective and evaluate
50,14,sign-flip,TODO_MODEL,TODO_DATASET,TODO_DATASET_OR_DEPLOYMENT_REQUIRED,TODO: evaluate on real held-out set,TODO: compute from labels/predictions,TODO: compute from labels/predictions,TODO: compute from precision/recall,TODO: define attack objective and evaluate
50,14,label-flip,TODO_MODEL,TODO_DATASET,TODO_DATASET_OR_DEPLOYMENT_REQUIRED,TODO: evaluate on real held-out set,TODO: compute from labels/predictions,TODO: compute from labels/predictions,TODO: compute from precision/recall,TODO: define attack objective and evaluate
50,14,gaussian-noise,TODO_MODEL,TODO_DATASET,TODO_DATASET_OR_DEPLOYMENT_REQUIRED,TODO: evaluate on real held-out set,TODO: compute from labels/predictions,TODO: compute from labels/predictions,TODO: compute from precision/recall,TODO: define attack objective and evaluate
50,14,scaling-attack,TODO_MODEL,TODO_DATASET,TODO_DATASET_OR_DEPLOYMENT_REQUIRED,TODO: evaluate on real held-out set,TODO: compute from labels/predictions,TODO: compute from labels/predictions,TODO: compute from precision/recall,TODO: define attack objective and evaluate
50,14,random-update,TODO_MODEL,TODO_DATASET,TODO_DATASET_OR_DEPLOYMENT_REQUIRED,TODO: evaluate on real held-out set,TODO: compute from labels/predictions,TODO: compute from labels/predictions,TODO: compute from precision/recall,TODO: define attack objective and evaluate
50,14,backdoor,TODO_MODEL,TODO_DATASET,TODO_DATASET_OR_DEPLOYMENT_REQUIRED,TODO: evaluate on real held-out set,TODO: compute from labels/predictions,TODO: compute from labels/predictions,TODO: compute from precision/recall,TODO: define attack objective and evaluate
50,15,sign-flip,TODO_MODEL,TODO_DATASET,TODO_DATASET_OR_DEPLOYMENT_REQUIRED,TODO: evaluate on real held-out set,TODO: compute from labels/predictions,TODO: compute from labels/predictions,TODO: compute from precision/recall,TODO: define attack objective and evaluate
50,15,label-flip,TODO_MODEL,TODO_DATASET,TODO_DATASET_OR_DEPLOYMENT_REQUIRED,TODO: evaluate on real held-out set,TODO: compute from labels/predictions,TODO: compute from labels/predictions,TODO: compute from precision/recall,TODO: define attack objective and evaluate
50,15,gaussian-noise,TODO_MODEL,TODO_DATASET,TODO_DATASET_OR_DEPLOYMENT_REQUIRED,TODO: evaluate on real held-out set,TODO: compute from labels/predictions,TODO: compute from labels/predictions,TODO: compute from precision/recall,TODO: define attack objective and evaluate
50,15,scaling-attack,TODO_MODEL,TODO_DATASET,TODO_DATASET_OR_DEPLOYMENT_REQUIRED,TODO: evaluate on real held-out set,TODO: compute from labels/predictions,TODO: compute from labels/predictions,TODO: compute from precision/recall,TODO: define attack objective and evaluate
50,15,random-update,TODO_MODEL,TODO_DATASET,TODO_DATASET_OR_DEPLOYMENT_REQUIRED,TODO: evaluate on real held-out set,TODO: compute from labels/predictions,TODO: compute from labels/predictions,TODO: compute from precision/recall,TODO: define attack objective and evaluate
50,15,backdoor,TODO_MODEL,TODO_DATASET,TODO_DATASET_OR_DEPLOYMENT_REQUIRED,TODO: evaluate on real held-out set,TODO: compute from labels/predictions,TODO: compute from labels/predictions,TODO: compute from precision/recall,TODO: define attack objective and evaluate
50,16,sign-flip,TODO_MODEL,TODO_DATASET,TODO_DATASET_OR_DEPLOYMENT_REQUIRED,TODO: evaluate on real held-out set,TODO: compute from labels/predictions,TODO: compute from labels/predictions,TODO: compute from precision/recall,TODO: define attack objective and evaluate
50,16,label-flip,TODO_MODEL,TODO_DATASET,TODO_DATASET_OR_DEPLOYMENT_REQUIRED,TODO: evaluate on real held-out set,TODO: compute from labels/predictions,TODO: compute from labels/predictions,TODO: compute from precision/recall,TODO: define attack objective and evaluate
50,16,gaussian-noise,TODO_MODEL,TODO_DATASET,TODO_DATASET_OR_DEPLOYMENT_REQUIRED,TODO: evaluate on real held-out set,TODO: compute from labels/predictions,TODO: compute from labels/predictions,TODO: compute from precision/recall,TODO: define attack objective and evaluate
50,16,scaling-attack,TODO_MODEL,TODO_DATASET,TODO_DATASET_OR_DEPLOYMENT_REQUIRED,TODO: evaluate on real held-out set,TODO: compute from labels/predictions,TODO: compute from labels/predictions,TODO: compute from precision/recall,TODO: define attack objective and evaluate
50,16,random-update,TODO_MODEL,TODO_DATASET,TODO_DATASET_OR_DEPLOYMENT_REQUIRED,TODO: evaluate on real held-out set,TODO: compute from labels/predictions,TODO: compute from labels/predictions,TODO: compute from precision/recall,TODO: define attack objective and evaluate
50,16,backdoor,TODO_MODEL,TODO_DATASET,TODO_DATASET_OR_DEPLOYMENT_REQUIRED,TODO: evaluate on real held-out set,TODO: compute from labels/predictions,TODO: compute from labels/predictions,TODO: compute from precision/recall,TODO: define attack objective and evaluate
50,17,sign-flip,TODO_MODEL,TODO_DATASET,TODO_DATASET_OR_DEPLOYMENT_REQUIRED,TODO: evaluate on real held-out set,TODO: compute from labels/predictions,TODO: compute from labels/predictions,TODO: compute from precision/recall,TODO: define attack objective and evaluate
50,17,label-flip,TODO_MODEL,TODO_DATASET,TODO_DATASET_OR_DEPLOYMENT_REQUIRED,TODO: evaluate on real held-out set,TODO: compute from labels/predictions,TODO: compute from labels/predictions,TODO: compute from precision/recall,TODO: define attack objective and evaluate
50,17,gaussian-noise,TODO_MODEL,TODO_DATASET,TODO_DATASET_OR_DEPLOYMENT_REQUIRED,TODO: evaluate on real held-out set,TODO: compute from labels/predictions,TODO: compute from labels/predictions,TODO: compute from precision/recall,TODO: define attack objective and evaluate
50,17,scaling-attack,TODO_MODEL,TODO_DATASET,TODO_DATASET_OR_DEPLOYMENT_REQUIRED,TODO: evaluate on real held-out set,TODO: compute from labels/predictions,TODO: compute from labels/predictions,TODO: compute from precision/recall,TODO: define attack objective and evaluate
50,17,random-update,TODO_MODEL,TODO_DATASET,TODO_DATASET_OR_DEPLOYMENT_REQUIRED,TODO: evaluate on real held-out set,TODO: compute from labels/predictions,TODO: compute from labels/predictions,TODO: compute from precision/recall,TODO: define attack objective and evaluate
50,17,backdoor,TODO_MODEL,TODO_DATASET,TODO_DATASET_OR_DEPLOYMENT_REQUIRED,TODO: evaluate on real held-out set,TODO: compute from labels/predictions,TODO: compute from labels/predictions,TODO: compute from precision/recall,TODO: define attack objective and evaluate
50,18,sign-flip,TODO_MODEL,TODO_DATASET,TODO_DATASET_OR_DEPLOYMENT_REQUIRED,TODO: evaluate on real held-out set,TODO: compute from labels/predictions,TODO: compute from labels/predictions,TODO: compute from precision/recall,TODO: define attack objective and evaluate
50,18,label-flip,TODO_MODEL,TODO_DATASET,TODO_DATASET_OR_DEPLOYMENT_REQUIRED,TODO: evaluate on real held-out set,TODO: compute from labels/predictions,TODO: compute from labels/predictions,TODO: compute from precision/recall,TODO: define attack objective and evaluate
50,18,gaussian-noise,TODO_MODEL,TODO_DATASET,TODO_DATASET_OR_DEPLOYMENT_REQUIRED,TODO: evaluate on real held-out set,TODO: compute from labels/predictions,TODO: compute from labels/predictions,TODO: compute from precision/recall,TODO: define attack objective and evaluate
50,18,scaling-attack,TODO_MODEL,TODO_DATASET,TODO_DATASET_OR_DEPLOYMENT_REQUIRED,TODO: evaluate on real held-out set,TODO: compute from labels/predictions,TODO: compute from labels/predictions,TODO: compute from precision/recall,TODO: define attack objective and evaluate
50,18,random-update,TODO_MODEL,TODO_DATASET,TODO_DATASET_OR_DEPLOYMENT_REQUIRED,TODO: evaluate on real held-out set,TODO: compute from labels/predictions,TODO: compute from labels/predictions,TODO: compute from precision/recall,TODO: define attack objective and evaluate
50,18,backdoor,TODO_MODEL,TODO_DATASET,TODO_DATASET_OR_DEPLOYMENT_REQUIRED,TODO: evaluate on real held-out set,TODO: compute from labels/predictions,TODO: compute from labels/predictions,TODO: compute from precision/recall,TODO: define attack objective and evaluate
50,19,sign-flip,TODO_MODEL,TODO_DATASET,TODO_DATASET_OR_DEPLOYMENT_REQUIRED,TODO: evaluate on real held-out set,TODO: compute from labels/predictions,TODO: compute from labels/predictions,TODO: compute from precision/recall,TODO: define attack objective and evaluate
50,19,label-flip,TODO_MODEL,TODO_DATASET,TODO_DATASET_OR_DEPLOYMENT_REQUIRED,TODO: evaluate on real held-out set,TODO: compute from labels/predictions,TODO: compute from labels/predictions,TODO: compute from precision/recall,TODO: define attack objective and evaluate
50,19,gaussian-noise,TODO_MODEL,TODO_DATASET,TODO_DATASET_OR_DEPLOYMENT_REQUIRED,TODO: evaluate on real held-out set,TODO: compute from labels/predictions,TODO: compute from labels/predictions,TODO: compute from precision/recall,TODO: define attack objective and evaluate
50,19,scaling-attack,TODO_MODEL,TODO_DATASET,TODO_DATASET_OR_DEPLOYMENT_REQUIRED,TODO: evaluate on real held-out set,TODO: compute from labels/predictions,TODO: compute from labels/predictions,TODO: compute from precision/recall,TODO: define attack objective and evaluate
50,19,random-update,TODO_MODEL,TODO_DATASET,TODO_DATASET_OR_DEPLOYMENT_REQUIRED,TODO: evaluate on real held-out set,TODO: compute from labels/predictions,TODO: compute from labels/predictions,TODO: compute from precision/recall,TODO: define attack objective and evaluate
50,19,backdoor,TODO_MODEL,TODO_DATASET,TODO_DATASET_OR_DEPLOYMENT_REQUIRED,TODO: evaluate on real held-out set,TODO: compute from labels/predictions,TODO: compute from labels/predictions,TODO: compute from precision/recall,TODO: define attack objective and evaluate
50,20,sign-flip,TODO_MODEL,TODO_DATASET,TODO_DATASET_OR_DEPLOYMENT_REQUIRED,TODO: evaluate on real held-out set,TODO: compute from labels/predictions,TODO: compute from labels/predictions,TODO: compute from precision/recall,TODO: define attack objective and evaluate
50,20,label-flip,TODO_MODEL,TODO_DATASET,TODO_DATASET_OR_DEPLOYMENT_REQUIRED,TODO: evaluate on real held-out set,TODO: compute from labels/predictions,TODO: compute from labels/predictions,TODO: compute from precision/recall,TODO: define attack objective and evaluate
50,20,gaussian-noise,TODO_MODEL,TODO_DATASET,TODO_DATASET_OR_DEPLOYMENT_REQUIRED,TODO: evaluate on real held-out set,TODO: compute from labels/predictions,TODO: compute from labels/predictions,TODO: compute from precision/recall,TODO: define attack objective and evaluate
50,20,scaling-attack,TODO_MODEL,TODO_DATASET,TODO_DATASET_OR_DEPLOYMENT_REQUIRED,TODO: evaluate on real held-out set,TODO: compute from labels/predictions,TODO: compute from labels/predictions,TODO: compute from precision/recall,TODO: define attack objective and evaluate
50,20,random-update,TODO_MODEL,TODO_DATASET,TODO_DATASET_OR_DEPLOYMENT_REQUIRED,TODO: evaluate on real held-out set,TODO: compute from labels/predictions,TODO: compute from labels/predictions,TODO: compute from precision/recall,TODO: define attack objective and evaluate
50,20,backdoor,TODO_MODEL,TODO_DATASET,TODO_DATASET_OR_DEPLOYMENT_REQUIRED,TODO: evaluate on real held-out set,TODO: compute from labels/predictions,TODO: compute from labels/predictions,TODO: compute from precision/recall,TODO: define attack objective and evaluate
50,21,sign-flip,TODO_MODEL,TODO_DATASET,TODO_DATASET_OR_DEPLOYMENT_REQUIRED,TODO: evaluate on real held-out set,TODO: compute from labels/predictions,TODO: compute from labels/predictions,TODO: compute from precision/recall,TODO: define attack objective and evaluate
50,21,label-flip,TODO_MODEL,TODO_DATASET,TODO_DATASET_OR_DEPLOYMENT_REQUIRED,TODO: evaluate on real held-out set,TODO: compute from labels/predictions,TODO: compute from labels/predictions,TODO: compute from precision/recall,TODO: define attack objective and evaluate
50,21,gaussian-noise,TODO_MODEL,TODO_DATASET,TODO_DATASET_OR_DEPLOYMENT_REQUIRED,TODO: evaluate on real held-out set,TODO: compute from labels/predictions,TODO: compute from labels/predictions,TODO: compute from precision/recall,TODO: define attack objective and evaluate
50,21,scaling-attack,TODO_MODEL,TODO_DATASET,TODO_DATASET_OR_DEPLOYMENT_REQUIRED,TODO: evaluate on real held-out set,TODO: compute from labels/predictions,TODO: compute from labels/predictions,TODO: compute from precision/recall,TODO: define attack objective and evaluate
50,21,random-update,TODO_MODEL,TODO_DATASET,TODO_DATASET_OR_DEPLOYMENT_REQUIRED,TODO: evaluate on real held-out set,TODO: compute from labels/predictions,TODO: compute from labels/predictions,TODO: compute from precision/recall,TODO: define attack objective and evaluate
50,21,backdoor,TODO_MODEL,TODO_DATASET,TODO_DATASET_OR_DEPLOYMENT_REQUIRED,TODO: evaluate on real held-out set,TODO: compute from labels/predictions,TODO: compute from labels/predictions,TODO: compute from precision/recall,TODO: define attack objective and evaluate
50,22,sign-flip,TODO_MODEL,TODO_DATASET,TODO_DATASET_OR_DEPLOYMENT_REQUIRED,TODO: evaluate on real held-out set,TODO: compute from labels/predictions,TODO: compute from labels/predictions,TODO: compute from precision/recall,TODO: define attack objective and evaluate
50,22,label-flip,TODO_MODEL,TODO_DATASET,TODO_DATASET_OR_DEPLOYMENT_REQUIRED,TODO: evaluate on real held-out set,TODO: compute from labels/predictions,TODO: compute from labels/predictions,TODO: compute from precision/recall,TODO: define attack objective and evaluate
50,22,gaussian-noise,TODO_MODEL,TODO_DATASET,TODO_DATASET_OR_DEPLOYMENT_REQUIRED,TODO: evaluate on real held-out set,TODO: compute from labels/predictions,TODO: compute from labels/predictions,TODO: compute from precision/recall,TODO: define attack objective and evaluate
50,22,scaling-attack,TODO_MODEL,TODO_DATASET,TODO_DATASET_OR_DEPLOYMENT_REQUIRED,TODO: evaluate on real held-out set,TODO: compute from labels/predictions,TODO: compute from labels/predictions,TODO: compute from precision/recall,TODO: define attack objective and evaluate
50,22,random-update,TODO_MODEL,TODO_DATASET,TODO_DATASET_OR_DEPLOYMENT_REQUIRED,TODO: evaluate on real held-out set,TODO: compute from labels/predictions,TODO: compute from labels/predictions,TODO: compute from precision/recall,TODO: define attack objective and evaluate
50,22,backdoor,TODO_MODEL,TODO_DATASET,TODO_DATASET_OR_DEPLOYMENT_REQUIRED,TODO: evaluate on real held-out set,TODO: compute from labels/predictions,TODO: compute from labels/predictions,TODO: compute from precision/recall,TODO: define attack objective and evaluate
50,23,sign-flip,TODO_MODEL,TODO_DATASET,TODO_DATASET_OR_DEPLOYMENT_REQUIRED,TODO: evaluate on real held-out set,TODO: compute from labels/predictions,TODO: compute from labels/predictions,TODO: compute from precision/recall,TODO: define attack objective and evaluate
50,23,label-flip,TODO_MODEL,TODO_DATASET,TODO_DATASET_OR_DEPLOYMENT_REQUIRED,TODO: evaluate on real held-out set,TODO: compute from labels/predictions,TODO: compute from labels/predictions,TODO: compute from precision/recall,TODO: define attack objective and evaluate
50,23,gaussian-noise,TODO_MODEL,TODO_DATASET,TODO_DATASET_OR_DEPLOYMENT_REQUIRED,TODO: evaluate on real held-out set,TODO: compute from labels/predictions,TODO: compute from labels/predictions,TODO: compute from precision/recall,TODO: define attack objective and evaluate
50,23,scaling-attack,TODO_MODEL,TODO_DATASET,TODO_DATASET_OR_DEPLOYMENT_REQUIRED,TODO: evaluate on real held-out set,TODO: compute from labels/predictions,TODO: compute from labels/predictions,TODO: compute from precision/recall,TODO: define attack objective and evaluate
50,23,random-update,TODO_MODEL,TODO_DATASET,TODO_DATASET_OR_DEPLOYMENT_REQUIRED,TODO: evaluate on real held-out set,TODO: compute from labels/predictions,TODO: compute from labels/predictions,TODO: compute from precision/recall,TODO: define attack objective and evaluate
50,23,backdoor,TODO_MODEL,TODO_DATASET,TODO_DATASET_OR_DEPLOYMENT_REQUIRED,TODO: evaluate on real held-out set,TODO: compute from labels/predictions,TODO: compute from labels/predictions,TODO: compute from precision/recall,TODO: define attack objective and evaluate
50,24,sign-flip,TODO_MODEL,TODO_DATASET,TODO_DATASET_OR_DEPLOYMENT_REQUIRED,TODO: evaluate on real held-out set,TODO: compute from labels/predictions,TODO: compute from labels/predictions,TODO: compute from precision/recall,TODO: define attack objective and evaluate
50,24,label-flip,TODO_MODEL,TODO_DATASET,TODO_DATASET_OR_DEPLOYMENT_REQUIRED,TODO: evaluate on real held-out set,TODO: compute from labels/predictions,TODO: compute from labels/predictions,TODO: compute from precision/recall,TODO: define attack objective and evaluate
50,24,gaussian-noise,TODO_MODEL,TODO_DATASET,TODO_DATASET_OR_DEPLOYMENT_REQUIRED,TODO: evaluate on real held-out set,TODO: compute from labels/predictions,TODO: compute from labels/predictions,TODO: compute from precision/recall,TODO: define attack objective and evaluate
50,24,scaling-attack,TODO_MODEL,TODO_DATASET,TODO_DATASET_OR_DEPLOYMENT_REQUIRED,TODO: evaluate on real held-out set,TODO: compute from labels/predictions,TODO: compute from labels/predictions,TODO: compute from precision/recall,TODO: define attack objective and evaluate
50,24,random-update,TODO_MODEL,TODO_DATASET,TODO_DATASET_OR_DEPLOYMENT_REQUIRED,TODO: evaluate on real held-out set,TODO: compute from labels/predictions,TODO: compute from labels/predictions,TODO: compute from precision/recall,TODO: define attack objective and evaluate
50,24,backdoor,TODO_MODEL,TODO_DATASET,TODO_DATASET_OR_DEPLOYMENT_REQUIRED,TODO: evaluate on real held-out set,TODO: compute from labels/predictions,TODO: compute from labels/predictions,TODO: compute from precision/recall,TODO: define attack objective and evaluate
50,25,sign-flip,TODO_MODEL,TODO_DATASET,TODO_DATASET_OR_DEPLOYMENT_REQUIRED,TODO: evaluate on real held-out set,TODO: compute from labels/predictions,TODO: compute from labels/predictions,TODO: compute from precision/recall,TODO: define attack objective and evaluate
50,25,label-flip,TODO_MODEL,TODO_DATASET,TODO_DATASET_OR_DEPLOYMENT_REQUIRED,TODO: evaluate on real held-out set,TODO: compute from labels/predictions,TODO: compute from labels/predictions,TODO: compute from precision/recall,TODO: define attack objective and evaluate
50,25,gaussian-noise,TODO_MODEL,TODO_DATASET,TODO_DATASET_OR_DEPLOYMENT_REQUIRED,TODO: evaluate on real held-out set,TODO: compute from labels/predictions,TODO: compute from labels/predictions,TODO: compute from precision/recall,TODO: define attack objective and evaluate
50,25,scaling-attack,TODO_MODEL,TODO_DATASET,TODO_DATASET_OR_DEPLOYMENT_REQUIRED,TODO: evaluate on real held-out set,TODO: compute from labels/predictions,TODO: compute from labels/predictions,TODO: compute from precision/recall,TODO: define attack objective and evaluate
50,25,random-update,TODO_MODEL,TODO_DATASET,TODO_DATASET_OR_DEPLOYMENT_REQUIRED,TODO: evaluate on real held-out set,TODO: compute from labels/predictions,TODO: compute from labels/predictions,TODO: compute from precision/recall,TODO: define attack objective and evaluate
50,25,backdoor,TODO_MODEL,TODO_DATASET,TODO_DATASET_OR_DEPLOYMENT_REQUIRED,TODO: evaluate on real held-out set,TODO: compute from labels/predictions,TODO: compute from labels/predictions,TODO: compute from precision/recall,TODO: define attack objective and evaluate
50,26,sign-flip,TODO_MODEL,TODO_DATASET,TODO_DATASET_OR_DEPLOYMENT_REQUIRED,TODO: evaluate on real held-out set,TODO: compute from labels/predictions,TODO: compute from labels/predictions,TODO: compute from precision/recall,TODO: define attack objective and evaluate
50,26,label-flip,TODO_MODEL,TODO_DATASET,TODO_DATASET_OR_DEPLOYMENT_REQUIRED,TODO: evaluate on real held-out set,TODO: compute from labels/predictions,TODO: compute from labels/predictions,TODO: compute from precision/recall,TODO: define attack objective and evaluate
50,26,gaussian-noise,TODO_MODEL,TODO_DATASET,TODO_DATASET_OR_DEPLOYMENT_REQUIRED,TODO: evaluate on real held-out set,TODO: compute from labels/predictions,TODO: compute from labels/predictions,TODO: compute from precision/recall,TODO: define attack objective and evaluate
50,26,scaling-attack,TODO_MODEL,TODO_DATASET,TODO_DATASET_OR_DEPLOYMENT_REQUIRED,TODO: evaluate on real held-out set,TODO: compute from labels/predictions,TODO: compute from labels/predictions,TODO: compute from precision/recall,TODO: define attack objective and evaluate
50,26,random-update,TODO_MODEL,TODO_DATASET,TODO_DATASET_OR_DEPLOYMENT_REQUIRED,TODO: evaluate on real held-out set,TODO: compute from labels/predictions,TODO: compute from labels/predictions,TODO: compute from precision/recall,TODO: define attack objective and evaluate
50,26,backdoor,TODO_MODEL,TODO_DATASET,TODO_DATASET_OR_DEPLOYMENT_REQUIRED,TODO: evaluate on real held-out set,TODO: compute from labels/predictions,TODO: compute from labels/predictions,TODO: compute from precision/recall,TODO: define attack objective and evaluate
50,27,sign-flip,TODO_MODEL,TODO_DATASET,TODO_DATASET_OR_DEPLOYMENT_REQUIRED,TODO: evaluate on real held-out set,TODO: compute from labels/predictions,TODO: compute from labels/predictions,TODO: compute from precision/recall,TODO: define attack objective and evaluate
50,27,label-flip,TODO_MODEL,TODO_DATASET,TODO_DATASET_OR_DEPLOYMENT_REQUIRED,TODO: evaluate on real held-out set,TODO: compute from labels/predictions,TODO: compute from labels/predictions,TODO: compute from precision/recall,TODO: define attack objective and evaluate
50,27,gaussian-noise,TODO_MODEL,TODO_DATASET,TODO_DATASET_OR_DEPLOYMENT_REQUIRED,TODO: evaluate on real held-out set,TODO: compute from labels/predictions,TODO: compute from labels/predictions,TODO: compute from precision/recall,TODO: define attack objective and evaluate
50,27,scaling-attack,TODO_MODEL,TODO_DATASET,TODO_DATASET_OR_DEPLOYMENT_REQUIRED,TODO: evaluate on real held-out set,TODO: compute from labels/predictions,TODO: compute from labels/predictions,TODO: compute from precision/recall,TODO: define attack objective and evaluate
50,27,random-update,TODO_MODEL,TODO_DATASET,TODO_DATASET_OR_DEPLOYMENT_REQUIRED,TODO: evaluate on real held-out set,TODO: compute from labels/predictions,TODO: compute from labels/predictions,TODO: compute from precision/recall,TODO: define attack objective and evaluate
50,27,backdoor,TODO_MODEL,TODO_DATASET,TODO_DATASET_OR_DEPLOYMENT_REQUIRED,TODO: evaluate on real held-out set,TODO: compute from labels/predictions,TODO: compute from labels/predictions,TODO: compute from precision/recall,TODO: define attack objective and evaluate
50,28,sign-flip,TODO_MODEL,TODO_DATASET,TODO_DATASET_OR_DEPLOYMENT_REQUIRED,TODO: evaluate on real held-out set,TODO: compute from labels/predictions,TODO: compute from labels/predictions,TODO: compute from precision/recall,TODO: define attack objective and evaluate
50,28,label-flip,TODO_MODEL,TODO_DATASET,TODO_DATASET_OR_DEPLOYMENT_REQUIRED,TODO: evaluate on real held-out set,TODO: compute from labels/predictions,TODO: compute from labels/predictions,TODO: compute from precision/recall,TODO: define attack objective and evaluate
50,28,gaussian-noise,TODO_MODEL,TODO_DATASET,TODO_DATASET_OR_DEPLOYMENT_REQUIRED,TODO: evaluate on real held-out set,TODO: compute from labels/predictions,TODO: compute from labels/predictions,TODO: compute from precision/recall,TODO: define attack objective and evaluate
50,28,scaling-attack,TODO_MODEL,TODO_DATASET,TODO_DATASET_OR_DEPLOYMENT_REQUIRED,TODO: evaluate on real held-out set,TODO: compute from labels/predictions,TODO: compute from labels/predictions,TODO: compute from precision/recall,TODO: define attack objective and evaluate
50,28,random-update,TODO_MODEL,TODO_DATASET,TODO_DATASET_OR_DEPLOYMENT_REQUIRED,TODO: evaluate on real held-out set,TODO: compute from labels/predictions,TODO: compute from labels/predictions,TODO: compute from precision/recall,TODO: define attack objective and evaluate
50,28,backdoor,TODO_MODEL,TODO_DATASET,TODO_DATASET_OR_DEPLOYMENT_REQUIRED,TODO: evaluate on real held-out set,TODO: compute from labels/predictions,TODO: compute from labels/predictions,TODO: compute from precision/recall,TODO: define attack objective and evaluate
50,29,sign-flip,TODO_MODEL,TODO_DATASET,TODO_DATASET_OR_DEPLOYMENT_REQUIRED,TODO: evaluate on real held-out set,TODO: compute from labels/predictions,TODO: compute from labels/predictions,TODO: compute from precision/recall,TODO: define attack objective and evaluate
50,29,label-flip,TODO_MODEL,TODO_DATASET,TODO_DATASET_OR_DEPLOYMENT_REQUIRED,TODO: evaluate on real held-out set,TODO: compute from labels/predictions,TODO: compute from labels/predictions,TODO: compute from precision/recall,TODO: define attack objective and evaluate
50,29,gaussian-noise,TODO_MODEL,TODO_DATASET,TODO_DATASET_OR_DEPLOYMENT_REQUIRED,TODO: evaluate on real held-out set,TODO: compute from labels/predictions,TODO: compute from labels/predictions,TODO: compute from precision/recall,TODO: define attack objective and evaluate
50,29,scaling-attack,TODO_MODEL,TODO_DATASET,TODO_DATASET_OR_DEPLOYMENT_REQUIRED,TODO: evaluate on real held-out set,TODO: compute from labels/predictions,TODO: compute from labels/predictions,TODO: compute from precision/recall,TODO: define attack objective and evaluate
50,29,random-update,TODO_MODEL,TODO_DATASET,TODO_DATASET_OR_DEPLOYMENT_REQUIRED,TODO: evaluate on real held-out set,TODO: compute from labels/predictions,TODO: compute from labels/predictions,TODO: compute from precision/recall,TODO: define attack objective and evaluate
50,29,backdoor,TODO_MODEL,TODO_DATASET,TODO_DATASET_OR_DEPLOYMENT_REQUIRED,TODO: evaluate on real held-out set,TODO: compute from labels/predictions,TODO: compute from labels/predictions,TODO: compute from precision/recall,TODO: define attack objective and evaluate
